naics,short_names,date,sales,units
11,Ag. and Forestry,2005-01-01,17520862,928
11,Ag. and Forestry,2005-04-01,31852345,1167
11,Ag. and Forestry,2005-07-01,26300690,1161
11,Ag. and Forestry,2005-10-01,30890775,1840
11,Ag. and Forestry,2006-01-01,17801419,1002
11,Ag. and Forestry,2006-04-01,36315305,1126
11,Ag. and Forestry,2006-07-01,34841196,1108
11,Ag. and Forestry,2006-10-01,39935978,1928
11,Ag. and Forestry,2007-01-01,19818745,1021
11,Ag. and Forestry,2007-04-01,38523077,1213
11,Ag. and Forestry,2007-07-01,34198961,1175
11,Ag. and Forestry,2007-10-01,35750414,1997
11,Ag. and Forestry,2008-01-01,19635588,975
11,Ag. and Forestry,2008-04-01,36756440,1281
11,Ag. and Forestry,2008-07-01,33656814,1732
11,Ag. and Forestry,2008-10-01,35394648,2650
11,Ag. and Forestry,2009-01-01,18658093,1434
11,Ag. and Forestry,2009-04-01,33678387,1871
11,Ag. and Forestry,2009-07-01,24693328,1726
11,Ag. and Forestry,2009-10-01,29164728,2704
11,Ag. and Forestry,2010-01-01,26078274,1532
11,Ag. and Forestry,2010-04-01,35626813,1848
11,Ag. and Forestry,2010-07-01,30604930,1683
11,Ag. and Forestry,2010-10-01,36287421,2956
11,Ag. and Forestry,2011-01-01,19044591,1430
11,Ag. and Forestry,2011-04-01,29218641,1789
11,Ag. and Forestry,2011-07-01,34366311,1612
11,Ag. and Forestry,2011-10-01,44092294,2914
11,Ag. and Forestry,2012-01-01,25785246,1350
11,Ag. and Forestry,2012-04-01,40653181,1740
11,Ag. and Forestry,2012-07-01,33919852,1538
11,Ag. and Forestry,2012-10-01,37542146,2943
11,Ag. and Forestry,2013-01-01,21249911,1238
11,Ag. and Forestry,2013-04-01,40996293,1644
11,Ag. and Forestry,2013-07-01,24183059,1479
11,Ag. and Forestry,2013-10-01,27516568,2611
11,Ag. and Forestry,2014-01-01,12834924,1173
11,Ag. and Forestry,2014-04-01,25922311,1630
11,Ag. and Forestry,2014-07-01,20419594,1450
11,Ag. and Forestry,2014-10-01,29921789,2730
11,Ag. and Forestry,2015-01-01,11539129,1255
11,Ag. and Forestry,2015-04-01,20233795,1607
11,Ag. and Forestry,2015-07-01,19328327,1464
11,Ag. and Forestry,2015-10-01,25781855,2765
11,Ag. and Forestry,2016-01-01,13431400,1362
11,Ag. and Forestry,2016-04-01,22423210,1753
11,Ag. and Forestry,2016-07-01,20739493,1550
11,Ag. and Forestry,2016-10-01,27286615,2967
11,Ag. and Forestry,2017-10-01,28724223,2967
11,Ag. and Forestry,2018-01-01,12195291,1373
21,Mining,2005-01-01,17324720,266
21,Mining,2005-04-01,19210099,244
21,Mining,2005-07-01,20762049,249
21,Mining,2005-10-01,21182148,257
21,Mining,2006-01-01,22007771,213
21,Mining,2006-04-01,27573015,246
21,Mining,2006-07-01,24088104,227
21,Mining,2006-10-01,32228676,258
21,Mining,2007-01-01,19235487,237
21,Mining,2007-04-01,27961844,233
21,Mining,2007-07-01,31201459,256
21,Mining,2007-10-01,26918643,235
21,Mining,2008-01-01,22088416,189
21,Mining,2008-04-01,20965906,206
21,Mining,2008-07-01,21591621,544
21,Mining,2008-10-01,14160251,394
21,Mining,2009-01-01,14928402,377
21,Mining,2009-04-01,18142080,487
21,Mining,2009-07-01,14647951,484
21,Mining,2009-10-01,14932119,412
21,Mining,2010-01-01,10717559,428
21,Mining,2010-04-01,14088868,451
21,Mining,2010-07-01,15373007,445
21,Mining,2010-10-01,12845562,425
21,Mining,2011-01-01,8895950,371
21,Mining,2011-04-01,16508586,463
21,Mining,2011-07-01,15326753,450
21,Mining,2011-10-01,17060484,384
21,Mining,2012-01-01,8207379,321
21,Mining,2012-04-01,12936684,394
21,Mining,2012-07-01,16159242,418
21,Mining,2012-10-01,13536896,360
21,Mining,2013-01-01,10545618,335
21,Mining,2013-04-01,13949359,346
21,Mining,2013-07-01,14268458,382
21,Mining,2013-10-01,10262197,330
21,Mining,2014-01-01,7122386,287
21,Mining,2014-04-01,12163055,314
21,Mining,2014-07-01,12175083,325
21,Mining,2014-10-01,10192222,325
21,Mining,2015-01-01,8322504,295
21,Mining,2015-04-01,12179097,291
21,Mining,2015-07-01,15148934,327
21,Mining,2015-10-01,11820701,285
21,Mining,2016-01-01,7967044,273
21,Mining,2016-04-01,11948888,310
21,Mining,2016-07-01,14318690,311
21,Mining,2016-10-01,12057130,307
21,Mining,2017-10-01,19283030,316
21,Mining,2018-01-01,13154318,286
22,Utilities,2005-01-01,12755243,356
22,Utilities,2005-04-01,20382837,357
22,Utilities,2005-07-01,18931939,369
22,Utilities,2005-10-01,13453071,413
22,Utilities,2006-01-01,14835973,370
22,Utilities,2006-04-01,17959956,378
22,Utilities,2006-07-01,19266448,367
22,Utilities,2006-10-01,12920898,445
22,Utilities,2007-01-01,15440973,483
22,Utilities,2007-04-01,23139015,491
22,Utilities,2007-07-01,24489290,502
22,Utilities,2007-10-01,17969607,559
22,Utilities,2008-01-01,26590705,503
22,Utilities,2008-04-01,23694110,551
22,Utilities,2008-07-01,26941082,550
22,Utilities,2008-10-01,15146391,585
22,Utilities,2009-01-01,10370530,530
22,Utilities,2009-04-01,19183340,599
22,Utilities,2009-07-01,20436433,611
22,Utilities,2009-10-01,18772508,618
22,Utilities,2010-01-01,11028484,539
22,Utilities,2010-04-01,18711967,577
22,Utilities,2010-07-01,17528870,540
22,Utilities,2010-10-01,14645368,603
22,Utilities,2011-01-01,12345288,518
22,Utilities,2011-04-01,17826766,558
22,Utilities,2011-07-01,17516334,524
22,Utilities,2011-10-01,15546066,552
22,Utilities,2012-01-01,12633110,543
22,Utilities,2012-04-01,15502860,508
22,Utilities,2012-07-01,16408786,504
22,Utilities,2012-10-01,16725339,550
22,Utilities,2013-01-01,13687961,482
22,Utilities,2013-04-01,15679229,499
22,Utilities,2013-07-01,16637921,423
22,Utilities,2013-10-01,13208947,486
22,Utilities,2014-01-01,11098838,430
22,Utilities,2014-04-01,16724861,466
22,Utilities,2014-07-01,17331044,463
22,Utilities,2014-10-01,13090580,477
22,Utilities,2015-01-01,11785917,440
22,Utilities,2015-04-01,18453811,478
22,Utilities,2015-07-01,20074306,479
22,Utilities,2015-10-01,14551679,499
22,Utilities,2016-01-01,12361068,480
22,Utilities,2016-04-01,18318071,577
22,Utilities,2016-07-01,20231256,520
22,Utilities,2016-10-01,14790254,558
22,Utilities,2017-10-01,16637210,610
22,Utilities,2018-01-01,23344116,604
23,Construction,2005-01-01,3721818922,99912
23,Construction,2005-04-01,4413330614,106905
23,Construction,2005-07-01,5054302777,110573
23,Construction,2005-10-01,5008889766,114821
23,Construction,2006-01-01,4436562414,105417
23,Construction,2006-04-01,5285692691,112602
23,Construction,2006-07-01,6116407915,114221
23,Construction,2006-10-01,5597591493,119191
23,Construction,2007-01-01,5000224201,112597
23,Construction,2007-04-01,6025254562,120091
23,Construction,2007-07-01,6639127094,121610
23,Construction,2007-10-01,6348426432,125801
23,Construction,2008-01-01,5312635962,111113
23,Construction,2008-04-01,5820630843,116744
23,Construction,2008-07-01,6312699710,121881
23,Construction,2008-10-01,5578133121,123651
23,Construction,2009-01-01,4217090600,105762
23,Construction,2009-04-01,4295163077,109915
23,Construction,2009-07-01,4730303069,114749
23,Construction,2009-10-01,4275817543,124437
23,Construction,2010-01-01,3467773880,108833
23,Construction,2010-04-01,3846324759,114818
23,Construction,2010-07-01,4247637898,119767
23,Construction,2010-10-01,4013190941,129195
23,Construction,2011-01-01,3133241283,111499
23,Construction,2011-04-01,3643098458,120095
23,Construction,2011-07-01,4311695681,124106
23,Construction,2011-10-01,4242560318,131772
23,Construction,2012-01-01,3368302444,113633
23,Construction,2012-04-01,3871048323,122722
23,Construction,2012-07-01,4553627171,128553
23,Construction,2012-10-01,4635906767,135716
23,Construction,2013-01-01,3923843507,118537
23,Construction,2013-04-01,4594579698,128521
23,Construction,2013-07-01,5284388883,134633
23,Construction,2013-10-01,5132650630,141514
23,Construction,2014-01-01,4223180467,125756
23,Construction,2014-04-01,5088688960,135809
23,Construction,2014-07-01,5830682752,139908
23,Construction,2014-10-01,5736317145,145193
23,Construction,2015-01-01,5074713326,131584
23,Construction,2015-04-01,5905596841,140531
23,Construction,2015-07-01,6668444322,144487
23,Construction,2015-10-01,6524701576,149852
23,Construction,2016-01-01,5833426085,139122
23,Construction,2016-04-01,6968113695,148315
23,Construction,2016-07-01,7644992076,150844
23,Construction,2016-10-01,7257185266,154396
23,Construction,2017-10-01,8215404217,158872
23,Construction,2018-01-01,7296906793,144865
31,Manufacturing,2005-01-01,46621578,1984
31,Manufacturing,2005-04-01,56520205,2195
31,Manufacturing,2005-07-01,60108466,2313
31,Manufacturing,2005-10-01,61252032,2803
31,Manufacturing,2006-01-01,50864213,2223
31,Manufacturing,2006-04-01,61359460,2438
31,Manufacturing,2006-07-01,62017956,2759
31,Manufacturing,2006-10-01,67532247,4141
31,Manufacturing,2007-01-01,55097949,3025
31,Manufacturing,2007-04-01,67131970,3296
31,Manufacturing,2007-07-01,70362607,3349
31,Manufacturing,2007-10-01,74172650,4852
31,Manufacturing,2008-01-01,58414724,3431
31,Manufacturing,2008-04-01,66468604,3250
31,Manufacturing,2008-07-01,75054277,5973
31,Manufacturing,2008-10-01,77586474,8734
31,Manufacturing,2009-01-01,57845295,6819
31,Manufacturing,2009-04-01,63977745,7110
31,Manufacturing,2009-07-01,68716980,6764
31,Manufacturing,2009-10-01,66958565,9852
31,Manufacturing,2010-01-01,57215441,7274
31,Manufacturing,2010-04-01,66907494,8200
31,Manufacturing,2010-07-01,75189120,7424
31,Manufacturing,2010-10-01,77550791,11664
31,Manufacturing,2011-01-01,59856771,8227
31,Manufacturing,2011-04-01,75646947,8904
31,Manufacturing,2011-07-01,78450409,8165
31,Manufacturing,2011-10-01,80487927,11935
31,Manufacturing,2012-01-01,64748434,8821
31,Manufacturing,2012-04-01,73338359,9024
31,Manufacturing,2012-07-01,78147521,7919
31,Manufacturing,2012-10-01,83296748,12508
31,Manufacturing,2013-01-01,70781747,9249
31,Manufacturing,2013-04-01,83388026,10177
31,Manufacturing,2013-07-01,91877483,9351
31,Manufacturing,2013-10-01,92719512,13445
31,Manufacturing,2014-01-01,77090826,10313
31,Manufacturing,2014-04-01,92108868,11162
31,Manufacturing,2014-07-01,101653896,9871
31,Manufacturing,2014-10-01,102797920,14506
31,Manufacturing,2015-01-01,87323990,10582
31,Manufacturing,2015-04-01,104634956,11069
31,Manufacturing,2015-07-01,112298639,9870
31,Manufacturing,2015-10-01,112607665,14644
31,Manufacturing,2016-01-01,96357046,11054
31,Manufacturing,2016-04-01,115210531,11611
31,Manufacturing,2016-07-01,126053506,10483
31,Manufacturing,2016-10-01,126007178,17223
31,Manufacturing,2017-10-01,144818371,18269
31,Manufacturing,2018-01-01,126793448,13397
32,Manufacturing,2005-01-01,295936766,5090
32,Manufacturing,2005-04-01,323993042,5296
32,Manufacturing,2005-07-01,348212746,5228
32,Manufacturing,2005-10-01,308810065,5882
32,Manufacturing,2006-01-01,299943526,5436
32,Manufacturing,2006-04-01,346161615,5267
32,Manufacturing,2006-07-01,354403004,5230
32,Manufacturing,2006-10-01,314137988,5746
32,Manufacturing,2007-01-01,329637800,5375
32,Manufacturing,2007-04-01,386291550,5508
32,Manufacturing,2007-07-01,395046150,5959
32,Manufacturing,2007-10-01,356143891,7680
32,Manufacturing,2008-01-01,298188096,6859
32,Manufacturing,2008-04-01,343035849,7099
32,Manufacturing,2008-07-01,342873945,13457
32,Manufacturing,2008-10-01,262423934,13836
32,Manufacturing,2009-01-01,202424692,13090
32,Manufacturing,2009-04-01,238934412,13403
32,Manufacturing,2009-07-01,266802702,13205
32,Manufacturing,2009-10-01,225477064,13896
32,Manufacturing,2010-01-01,194958520,12884
32,Manufacturing,2010-04-01,226724494,13214
32,Manufacturing,2010-07-01,252000868,13395
32,Manufacturing,2010-10-01,218518261,14017
32,Manufacturing,2011-01-01,188471121,13345
32,Manufacturing,2011-04-01,235513956,14210
32,Manufacturing,2011-07-01,242912568,13823
32,Manufacturing,2011-10-01,206994849,14701
32,Manufacturing,2012-01-01,162641798,12355
32,Manufacturing,2012-04-01,201465177,12880
32,Manufacturing,2012-07-01,220201426,13421
32,Manufacturing,2012-10-01,201893602,14934
32,Manufacturing,2013-01-01,176601888,13140
32,Manufacturing,2013-04-01,212616737,14107
32,Manufacturing,2013-07-01,245607446,14715
32,Manufacturing,2013-10-01,217807831,16039
32,Manufacturing,2014-01-01,186023044,14181
32,Manufacturing,2014-04-01,244758758,15762
32,Manufacturing,2014-07-01,272520808,15582
32,Manufacturing,2014-10-01,234205795,17788
32,Manufacturing,2015-01-01,204593879,15023
32,Manufacturing,2015-04-01,251834765,15835
32,Manufacturing,2015-07-01,267180744,16010
32,Manufacturing,2015-10-01,237638494,18006
32,Manufacturing,2016-01-01,215910724,15657
32,Manufacturing,2016-04-01,273879728,16449
32,Manufacturing,2016-07-01,281623990,16772
32,Manufacturing,2016-10-01,244893490,18954
32,Manufacturing,2017-10-01,278627079,21052
32,Manufacturing,2018-01-01,241653853,17727
33,Manufacturing,2005-01-01,204260441,7654
33,Manufacturing,2005-04-01,227481161,8045
33,Manufacturing,2005-07-01,249134634,8111
33,Manufacturing,2005-10-01,261373337,9642
33,Manufacturing,2006-01-01,259860429,7929
33,Manufacturing,2006-04-01,260079560,8095
33,Manufacturing,2006-07-01,273983793,8273
33,Manufacturing,2006-10-01,289520568,10357
33,Manufacturing,2007-01-01,277237186,8886
33,Manufacturing,2007-04-01,333179793,8809
33,Manufacturing,2007-07-01,319635334,8951
33,Manufacturing,2007-10-01,355935217,10790
33,Manufacturing,2008-01-01,274896510,8949
33,Manufacturing,2008-04-01,279685542,9213
33,Manufacturing,2008-07-01,271533154,15469
33,Manufacturing,2008-10-01,286205488,17059
33,Manufacturing,2009-01-01,213834788,14771
33,Manufacturing,2009-04-01,211390263,15272
33,Manufacturing,2009-07-01,208639208,15856
33,Manufacturing,2009-10-01,229573471,18523
33,Manufacturing,2010-01-01,183774215,16263
33,Manufacturing,2010-04-01,207705766,16542
33,Manufacturing,2010-07-01,229660421,16556
33,Manufacturing,2010-10-01,242115246,19928
33,Manufacturing,2011-01-01,217202565,16722
33,Manufacturing,2011-04-01,316343717,17782
33,Manufacturing,2011-07-01,257852784,17968
33,Manufacturing,2011-10-01,263016646,20870
33,Manufacturing,2012-01-01,218069005,16526
33,Manufacturing,2012-04-01,244728075,17341
33,Manufacturing,2012-07-01,241902685,17211
33,Manufacturing,2012-10-01,256673997,20665
33,Manufacturing,2013-01-01,228763488,17483
33,Manufacturing,2013-04-01,251861140,18643
33,Manufacturing,2013-07-01,258570174,18603
33,Manufacturing,2013-10-01,286759484,23123
33,Manufacturing,2014-01-01,253865412,19018
33,Manufacturing,2014-04-01,278716536,19898
33,Manufacturing,2014-07-01,279085984,19252
33,Manufacturing,2014-10-01,291605092,23605
33,Manufacturing,2015-01-01,248517002,18852
33,Manufacturing,2015-04-01,287550257,19896
33,Manufacturing,2015-07-01,296234345,20226
33,Manufacturing,2015-10-01,309633300,24742
33,Manufacturing,2016-01-01,276452240,20084
33,Manufacturing,2016-04-01,310100194,20637
33,Manufacturing,2016-07-01,302522438,20641
33,Manufacturing,2016-10-01,321371404,25692
33,Manufacturing,2017-10-01,343238085,26693
33,Manufacturing,2018-01-01,319584899,21248
42,Wholesale Trade,2005-01-01,1836241565,63470
42,Wholesale Trade,2005-04-01,2018797976,65400
42,Wholesale Trade,2005-07-01,2054725531,66401
42,Wholesale Trade,2005-10-01,2129546161,69932
42,Wholesale Trade,2006-01-01,1914680874,66326
42,Wholesale Trade,2006-04-01,2170169022,67723
42,Wholesale Trade,2006-07-01,2111477533,69005
42,Wholesale Trade,2006-10-01,2162044405,74264
42,Wholesale Trade,2007-01-01,2025106160,71045
42,Wholesale Trade,2007-04-01,2358609514,73089
42,Wholesale Trade,2007-07-01,2333805442,73517
42,Wholesale Trade,2007-10-01,2358951035,79307
42,Wholesale Trade,2008-01-01,2103601409,73515
42,Wholesale Trade,2008-04-01,2313583214,73571
42,Wholesale Trade,2008-07-01,2299459903,106093
42,Wholesale Trade,2008-10-01,2001310072,110072
42,Wholesale Trade,2009-01-01,1727512418,103835
42,Wholesale Trade,2009-04-01,1888332801,105960
42,Wholesale Trade,2009-07-01,1876808131,107714
42,Wholesale Trade,2009-10-01,1866698299,113890
42,Wholesale Trade,2010-01-01,1757149040,109735
42,Wholesale Trade,2010-04-01,1847539160,111479
42,Wholesale Trade,2010-07-01,1911785683,112269
42,Wholesale Trade,2010-10-01,1929628744,119534
42,Wholesale Trade,2011-01-01,1806632096,112002
42,Wholesale Trade,2011-04-01,2042780727,115161
42,Wholesale Trade,2011-07-01,2046289647,115049
42,Wholesale Trade,2011-10-01,1999532979,124509
42,Wholesale Trade,2012-01-01,1874889326,115892
42,Wholesale Trade,2012-04-01,2092206996,119980
42,Wholesale Trade,2012-07-01,2017082944,119398
42,Wholesale Trade,2012-10-01,2085221678,129566
42,Wholesale Trade,2013-01-01,1935112178,121053
42,Wholesale Trade,2013-04-01,2147074443,124818
42,Wholesale Trade,2013-07-01,2166967097,127142
42,Wholesale Trade,2013-10-01,2102016293,137320
42,Wholesale Trade,2014-01-01,2005555449,126703
42,Wholesale Trade,2014-04-01,2215998359,129409
42,Wholesale Trade,2014-07-01,2338913480,129753
42,Wholesale Trade,2014-10-01,2269825137,141054
42,Wholesale Trade,2015-01-01,2083022722,130704
42,Wholesale Trade,2015-04-01,2346375747,134551
42,Wholesale Trade,2015-07-01,2379876740,134401
42,Wholesale Trade,2015-10-01,2301888098,147442
42,Wholesale Trade,2016-01-01,2272326688,136874
42,Wholesale Trade,2016-04-01,2462342397,138640
42,Wholesale Trade,2016-07-01,2367512777,139383
42,Wholesale Trade,2016-10-01,2372932375,154762
42,Wholesale Trade,2017-10-01,2610857593,160759
42,Wholesale Trade,2018-01-01,2606258416,146201
44,Retail Trade,2005-01-01,6449232397,45237
44,Retail Trade,2005-04-01,7465301949,46534
44,Retail Trade,2005-07-01,7954189135,47402
44,Retail Trade,2005-10-01,7619248305,51760
44,Retail Trade,2006-01-01,6935604913,48133
44,Retail Trade,2006-04-01,8076583824,49369
44,Retail Trade,2006-07-01,8291602744,50508
44,Retail Trade,2006-10-01,7974218431,56395
44,Retail Trade,2007-01-01,7333216681,50838
44,Retail Trade,2007-04-01,8389951803,52766
44,Retail Trade,2007-07-01,8395527978,53948
44,Retail Trade,2007-10-01,8094917074,60103
44,Retail Trade,2008-01-01,7039444502,55469
44,Retail Trade,2008-04-01,7828826548,56693
44,Retail Trade,2008-07-01,7562312177,82129
44,Retail Trade,2008-10-01,6799331639,89797
44,Retail Trade,2009-01-01,5953228989,81320
44,Retail Trade,2009-04-01,6801298012,82985
44,Retail Trade,2009-07-01,7120518419,84044
44,Retail Trade,2009-10-01,6752691770,93622
44,Retail Trade,2010-01-01,6119696710,84071
44,Retail Trade,2010-04-01,6904279919,87374
44,Retail Trade,2010-07-01,7226194875,87650
44,Retail Trade,2010-10-01,7248105607,98024
44,Retail Trade,2011-01-01,6427298659,88756
44,Retail Trade,2011-04-01,7220263851,90965
44,Retail Trade,2011-07-01,7447253639,91689
44,Retail Trade,2011-10-01,7518477773,103659
44,Retail Trade,2012-01-01,6788559206,94279
44,Retail Trade,2012-04-01,7718059971,97166
44,Retail Trade,2012-07-01,8107939269,97090
44,Retail Trade,2012-10-01,8069107817,109782
44,Retail Trade,2013-01-01,7362770757,99802
44,Retail Trade,2013-04-01,8378512878,101889
44,Retail Trade,2013-07-01,8648855946,102683
44,Retail Trade,2013-10-01,8574405178,114629
44,Retail Trade,2014-01-01,7624803354,103650
44,Retail Trade,2014-04-01,8860203425,108074
44,Retail Trade,2014-07-01,9151129509,108799
44,Retail Trade,2014-10-01,9114157453,124177
44,Retail Trade,2015-01-01,8338042513,109682
44,Retail Trade,2015-04-01,9732351934,116158
44,Retail Trade,2015-07-01,9878158028,118406
44,Retail Trade,2015-10-01,9707604266,141585
44,Retail Trade,2016-01-01,8902900345,126110
44,Retail Trade,2016-04-01,10326283155,131816
44,Retail Trade,2016-07-01,10526092720,139103
44,Retail Trade,2016-10-01,10425806748,173389
44,Retail Trade,2017-10-01,11123485070,209318
44,Retail Trade,2018-01-01,9992393611,151166
45,Retail Trade,2005-01-01,3302383936,56838
45,Retail Trade,2005-04-01,3540455663,59215
45,Retail Trade,2005-07-01,3863551782,61372
45,Retail Trade,2005-10-01,4764631912,77722
45,Retail Trade,2006-01-01,3707656504,62109
45,Retail Trade,2006-04-01,3953225078,63591
45,Retail Trade,2006-07-01,4308369506,64786
45,Retail Trade,2006-10-01,5160362272,82947
45,Retail Trade,2007-01-01,3993259648,65671
45,Retail Trade,2007-04-01,4169361394,68120
45,Retail Trade,2007-07-01,4539726898,69785
45,Retail Trade,2007-10-01,5381279096,88167
45,Retail Trade,2008-01-01,4064193984,71885
45,Retail Trade,2008-04-01,4274658933,75503
45,Retail Trade,2008-07-01,4547601934,101392
45,Retail Trade,2008-10-01,5053300639,135191
45,Retail Trade,2009-01-01,3816244617,102184
45,Retail Trade,2009-04-01,3994825887,102955
45,Retail Trade,2009-07-01,4238024066,104855
45,Retail Trade,2009-10-01,5099720274,144953
45,Retail Trade,2010-01-01,3884736402,108535
45,Retail Trade,2010-04-01,4099629920,110827
45,Retail Trade,2010-07-01,4434999467,113450
45,Retail Trade,2010-10-01,5312446044,154700
45,Retail Trade,2011-01-01,4006641401,117120
45,Retail Trade,2011-04-01,4197638784,118788
45,Retail Trade,2011-07-01,4506363983,120711
45,Retail Trade,2011-10-01,5502819030,165473
45,Retail Trade,2012-01-01,4091887802,122768
45,Retail Trade,2012-04-01,4305645297,125652
45,Retail Trade,2012-07-01,4725417356,126834
45,Retail Trade,2012-10-01,5584481586,171973
45,Retail Trade,2013-01-01,4408404179,127902
45,Retail Trade,2013-04-01,4521955864,130221
45,Retail Trade,2013-07-01,4877337660,131437
45,Retail Trade,2013-10-01,5754547549,177569
45,Retail Trade,2014-01-01,4432856413,132630
45,Retail Trade,2014-04-01,4733663693,137064
45,Retail Trade,2014-07-01,5113951351,140419
45,Retail Trade,2014-10-01,6000920875,190267
45,Retail Trade,2015-01-01,4628434916,145657
45,Retail Trade,2015-04-01,4952083326,149876
45,Retail Trade,2015-07-01,5221893904,154834
45,Retail Trade,2015-10-01,6119052309,214915
45,Retail Trade,2016-01-01,4717048940,158708
45,Retail Trade,2016-04-01,5117985351,166089
45,Retail Trade,2016-07-01,5453371032,172304
45,Retail Trade,2016-10-01,6331114134,242127
45,Retail Trade,2017-10-01,6688783781,285106
45,Retail Trade,2018-01-01,5423608014,168491
48,Distribution,2005-01-01,78050372,1601
48,Distribution,2005-04-01,89952256,1753
48,Distribution,2005-07-01,105570021,1812
48,Distribution,2005-10-01,94857512,2204
48,Distribution,2006-01-01,86686480,1626
48,Distribution,2006-04-01,99684290,1797
48,Distribution,2006-07-01,112541190,1820
48,Distribution,2006-10-01,107183871,2378
48,Distribution,2007-01-01,92069189,1654
48,Distribution,2007-04-01,113565450,1912
48,Distribution,2007-07-01,122363767,1877
48,Distribution,2007-10-01,108133422,2353
48,Distribution,2008-01-01,99947309,1763
48,Distribution,2008-04-01,125729618,1944
48,Distribution,2008-07-01,121601845,2373
48,Distribution,2008-10-01,112806294,3022
48,Distribution,2009-01-01,84502534,2005
48,Distribution,2009-04-01,99451242,2253
48,Distribution,2009-07-01,106249734,2134
48,Distribution,2009-10-01,90603438,2738
48,Distribution,2010-01-01,85374577,1975
48,Distribution,2010-04-01,100513973,2132
48,Distribution,2010-07-01,110442293,2201
48,Distribution,2010-10-01,99918736,2777
48,Distribution,2011-01-01,88079322,2186
48,Distribution,2011-04-01,102392235,2462
48,Distribution,2011-07-01,118017097,2421
48,Distribution,2011-10-01,101634539,3187
48,Distribution,2012-01-01,99428317,2363
48,Distribution,2012-04-01,110025305,2507
48,Distribution,2012-07-01,128055085,2461
48,Distribution,2012-10-01,108550730,2982
48,Distribution,2013-01-01,94845486,2136
48,Distribution,2013-04-01,112718846,2274
48,Distribution,2013-07-01,126692198,2169
48,Distribution,2013-10-01,111842712,2709
48,Distribution,2014-01-01,99330154,2135
48,Distribution,2014-04-01,119469286,2251
48,Distribution,2014-07-01,137963062,2254
48,Distribution,2014-10-01,121530950,2882
48,Distribution,2015-01-01,112933927,2309
48,Distribution,2015-04-01,134682997,2433
48,Distribution,2015-07-01,145579326,2452
48,Distribution,2015-10-01,129687389,2938
48,Distribution,2016-01-01,121313860,2315
48,Distribution,2016-04-01,129466060,2522
48,Distribution,2016-07-01,146443819,2526
48,Distribution,2016-10-01,132338321,3145
48,Distribution,2017-10-01,143392794,3404
48,Distribution,2018-01-01,134870765,2532
49,Distribution,2005-01-01,2585264,201
49,Distribution,2005-04-01,3765625,243
49,Distribution,2005-07-01,4441615,229
49,Distribution,2005-10-01,8001767,342
49,Distribution,2006-01-01,4078667,268
49,Distribution,2006-04-01,4581629,293
49,Distribution,2006-07-01,4843143,287
49,Distribution,2006-10-01,5752326,417
49,Distribution,2007-01-01,4363356,282
49,Distribution,2007-04-01,4510149,311
49,Distribution,2007-07-01,14137753,371
49,Distribution,2007-10-01,10666694,517
49,Distribution,2008-01-01,6557131,394
49,Distribution,2008-04-01,4727073,402
49,Distribution,2008-07-01,4632880,467
49,Distribution,2008-10-01,6600652,722
49,Distribution,2009-01-01,3993196,416
49,Distribution,2009-04-01,4276333,477
49,Distribution,2009-07-01,4848580,381
49,Distribution,2009-10-01,5043530,546
49,Distribution,2010-01-01,4088645,398
49,Distribution,2010-04-01,4243345,405
49,Distribution,2010-07-01,4743013,417
49,Distribution,2010-10-01,6131001,575
49,Distribution,2011-01-01,4979160,464
49,Distribution,2011-04-01,4321593,412
49,Distribution,2011-07-01,4879455,464
49,Distribution,2011-10-01,6516289,651
49,Distribution,2012-01-01,4184483,428
49,Distribution,2012-04-01,5299108,452
49,Distribution,2012-07-01,4866336,391
49,Distribution,2012-10-01,5570668,662
49,Distribution,2013-01-01,4526736,442
49,Distribution,2013-04-01,4539973,434
49,Distribution,2013-07-01,4005811,457
49,Distribution,2013-10-01,5035791,655
49,Distribution,2014-01-01,3798784,535
49,Distribution,2014-04-01,3966457,466
49,Distribution,2014-07-01,5034949,495
49,Distribution,2014-10-01,5947473,675
49,Distribution,2015-01-01,5615931,424
49,Distribution,2015-04-01,3465413,308
49,Distribution,2015-07-01,3869841,352
49,Distribution,2015-10-01,5870249,543
49,Distribution,2016-01-01,4507044,456
49,Distribution,2016-04-01,5074792,519
49,Distribution,2016-07-01,6219975,514
49,Distribution,2016-10-01,6862830,624
49,Distribution,2017-10-01,6753816,752
49,Distribution,2018-01-01,6763179,765
51,Information,2005-01-01,1123125745,26749
51,Information,2005-04-01,1138459816,27744
51,Information,2005-07-01,1135960973,28189
51,Information,2005-10-01,1158237850,30332
51,Information,2006-01-01,1084196021,28130
51,Information,2006-04-01,1143645790,28682
51,Information,2006-07-01,1130544855,28608
51,Information,2006-10-01,1176903739,31422
51,Information,2007-01-01,1181961883,29938
51,Information,2007-04-01,1213941286,29587
51,Information,2007-07-01,1181341313,27981
51,Information,2007-10-01,1210091004,30528
51,Information,2008-01-01,1163771554,27787
51,Information,2008-04-01,1213395754,27957
51,Information,2008-07-01,1142585726,31272
51,Information,2008-10-01,1180926927,34447
51,Information,2009-01-01,1158819103,30391
51,Information,2009-04-01,1163231014,30376
51,Information,2009-07-01,1169526380,31663
51,Information,2009-10-01,1192074177,34543
51,Information,2010-01-01,1195483150,32253
51,Information,2010-04-01,1267510884,32770
51,Information,2010-07-01,1196787776,33210
51,Information,2010-10-01,1216566389,36832
51,Information,2011-01-01,1214661704,34118
51,Information,2011-04-01,1232333426,34357
51,Information,2011-07-01,1219486667,35026
51,Information,2011-10-01,1245536356,38960
51,Information,2012-01-01,1188180982,36057
51,Information,2012-04-01,1244223325,36549
51,Information,2012-07-01,1232470389,37191
51,Information,2012-10-01,1316680894,41111
51,Information,2013-01-01,1246977813,39094
51,Information,2013-04-01,1273457704,39093
51,Information,2013-07-01,1366996569,40957
51,Information,2013-10-01,1456950200,44309
51,Information,2014-01-01,1463549091,41927
51,Information,2014-04-01,1445423910,42107
51,Information,2014-07-01,1418345081,43146
51,Information,2014-10-01,1533785600,46817
51,Information,2015-01-01,1502611786,42902
51,Information,2015-04-01,1521926377,42095
51,Information,2015-07-01,1632095915,43764
51,Information,2015-10-01,1725366593,47752
51,Information,2016-01-01,1656356378,44788
51,Information,2016-04-01,1626293750,45534
51,Information,2016-07-01,1631542368,46122
51,Information,2016-10-01,1718471702,50623
51,Information,2017-10-01,1893197866,53787
51,Information,2018-01-01,1663123656,50251
52,FIRE,2005-01-01,218829512,7673
52,FIRE,2005-04-01,256008970,7683
52,FIRE,2005-07-01,260461272,7604
52,FIRE,2005-10-01,238089449,8039
52,FIRE,2006-01-01,220506782,7547
52,FIRE,2006-04-01,253974400,7622
52,FIRE,2006-07-01,250351023,7487
52,FIRE,2006-10-01,236737036,7605
52,FIRE,2007-01-01,225902582,7132
52,FIRE,2007-04-01,252037499,7290
52,FIRE,2007-07-01,237879082,7179
52,FIRE,2007-10-01,224099418,7471
52,FIRE,2008-01-01,216848227,7633
52,FIRE,2008-04-01,228481501,7757
52,FIRE,2008-07-01,218316122,8204
52,FIRE,2008-10-01,202040087,8307
52,FIRE,2009-01-01,198490697,7637
52,FIRE,2009-04-01,201517538,7595
52,FIRE,2009-07-01,186724663,7951
52,FIRE,2009-10-01,195916399,8039
52,FIRE,2010-01-01,163643651,7930
52,FIRE,2010-04-01,179102276,7999
52,FIRE,2010-07-01,170224622,7644
52,FIRE,2010-10-01,178719076,7943
52,FIRE,2011-01-01,163569138,7568
52,FIRE,2011-04-01,166007703,8040
52,FIRE,2011-07-01,161185625,8027
52,FIRE,2011-10-01,167909734,8656
52,FIRE,2012-01-01,160940314,8289
52,FIRE,2012-04-01,175981887,8354
52,FIRE,2012-07-01,182668232,8418
52,FIRE,2012-10-01,196904292,8847
52,FIRE,2013-01-01,189581438,8612
52,FIRE,2013-04-01,208194548,8822
52,FIRE,2013-07-01,208458994,8735
52,FIRE,2013-10-01,197220285,9542
52,FIRE,2014-01-01,184450362,9297
52,FIRE,2014-04-01,205179605,9408
52,FIRE,2014-07-01,221678538,9810
52,FIRE,2014-10-01,228866075,10149
52,FIRE,2015-01-01,212984966,9808
52,FIRE,2015-04-01,239699377,10244
52,FIRE,2015-07-01,250323435,10690
52,FIRE,2015-10-01,247788690,10962
52,FIRE,2016-01-01,256603959,10546
52,FIRE,2016-04-01,290245209,11074
52,FIRE,2016-07-01,308234798,10810
52,FIRE,2016-10-01,307056939,11245
52,FIRE,2017-10-01,314211481,11210
52,FIRE,2018-01-01,294889137,10544
53,FIRE,2005-01-01,568041802,18992
53,FIRE,2005-04-01,628487004,19426
53,FIRE,2005-07-01,709299422,18761
53,FIRE,2005-10-01,668100097,20251
53,FIRE,2006-01-01,618679899,18667
53,FIRE,2006-04-01,683197879,19167
53,FIRE,2006-07-01,771908712,19151
53,FIRE,2006-10-01,724025051,20254
53,FIRE,2007-01-01,651759644,19028
53,FIRE,2007-04-01,723665744,19634
53,FIRE,2007-07-01,767092912,19751
53,FIRE,2007-10-01,740192614,20363
53,FIRE,2008-01-01,650090917,19293
53,FIRE,2008-04-01,683641010,19929
53,FIRE,2008-07-01,758933131,22035
53,FIRE,2008-10-01,658280271,23178
53,FIRE,2009-01-01,606813215,21389
53,FIRE,2009-04-01,631840401,22033
53,FIRE,2009-07-01,691569246,22601
53,FIRE,2009-10-01,636599716,23862
53,FIRE,2010-01-01,548284470,21679
53,FIRE,2010-04-01,593267794,22319
53,FIRE,2010-07-01,669040323,22598
53,FIRE,2010-10-01,614552933,23474
53,FIRE,2011-01-01,524801800,21215
53,FIRE,2011-04-01,587284496,22101
53,FIRE,2011-07-01,683303340,22330
53,FIRE,2011-10-01,598298836,23551
53,FIRE,2012-01-01,542388620,21414
53,FIRE,2012-04-01,621110550,22632
53,FIRE,2012-07-01,730338528,22614
53,FIRE,2012-10-01,649311058,24373
53,FIRE,2013-01-01,565273796,21572
53,FIRE,2013-04-01,659938621,22830
53,FIRE,2013-07-01,790131940,22954
53,FIRE,2013-10-01,688873507,24888
53,FIRE,2014-01-01,605207276,22824
53,FIRE,2014-04-01,717664134,24087
53,FIRE,2014-07-01,871674666,24435
53,FIRE,2014-10-01,756766979,25946
53,FIRE,2015-01-01,687703883,24038
53,FIRE,2015-04-01,818560817,24824
53,FIRE,2015-07-01,948067188,25485
53,FIRE,2015-10-01,917199676,28126
53,FIRE,2016-01-01,775973254,25567
53,FIRE,2016-04-01,943019463,26999
53,FIRE,2016-07-01,990279139,27748
53,FIRE,2016-10-01,885505174,28986
53,FIRE,2017-10-01,942382236,29305
53,FIRE,2018-01-01,841236235,26073
54,Services,2005-01-01,343202174,16047
54,Services,2005-04-01,389368830,17102
54,Services,2005-07-01,429833435,17550
54,Services,2005-10-01,570923671,23361
54,Services,2006-01-01,447384777,18595
54,Services,2006-04-01,492987986,19111
54,Services,2006-07-01,476904638,18978
54,Services,2006-10-01,574908928,25729
54,Services,2007-01-01,477006095,19585
54,Services,2007-04-01,528168661,20389
54,Services,2007-07-01,527499327,21372
54,Services,2007-10-01,622471931,27620
54,Services,2008-01-01,488104843,21456
54,Services,2008-04-01,534830641,22614
54,Services,2008-07-01,539396834,27335
54,Services,2008-10-01,609485398,36239
54,Services,2009-01-01,445836159,27226
54,Services,2009-04-01,439792369,28163
54,Services,2009-07-01,417716170,29738
54,Services,2009-10-01,500973930,38633
54,Services,2010-01-01,431412507,29816
54,Services,2010-04-01,486468230,31121
54,Services,2010-07-01,492203398,31131
54,Services,2010-10-01,600504530,42461
54,Services,2011-01-01,467152718,32155
54,Services,2011-04-01,525442429,34107
54,Services,2011-07-01,538380843,33669
54,Services,2011-10-01,605462202,45191
54,Services,2012-01-01,478812462,33452
54,Services,2012-04-01,573306698,34613
54,Services,2012-07-01,540854241,34249
54,Services,2012-10-01,629239103,47352
54,Services,2013-01-01,526117400,34469
54,Services,2013-04-01,579726248,36768
54,Services,2013-07-01,523881201,35977
54,Services,2013-10-01,657879900,48179
54,Services,2014-01-01,556319346,36711
54,Services,2014-04-01,647478926,37749
54,Services,2014-07-01,629727378,37162
54,Services,2014-10-01,687987794,50393
54,Services,2015-01-01,604058239,37984
54,Services,2015-04-01,692279053,40625
54,Services,2015-07-01,690356375,41595
54,Services,2015-10-01,829592548,55272
54,Services,2016-01-01,789110405,42716
54,Services,2016-04-01,867399267,43849
54,Services,2016-07-01,834964221,45561
54,Services,2016-10-01,992591170,60685
54,Services,2017-10-01,965160829,64422
54,Services,2018-01-01,929351334,49263
55,Services,2005-01-01,511622,12
55,Services,2005-04-01,700217,15
55,Services,2005-07-01,672994,15
55,Services,2005-10-01,6019915,74
55,Services,2006-01-01,3231667,76
55,Services,2006-04-01,4375998,95
55,Services,2006-07-01,4080785,92
55,Services,2006-10-01,4297700,103
55,Services,2007-01-01,4316666,227
55,Services,2007-04-01,5601680,250
55,Services,2007-07-01,4693590,228
55,Services,2007-10-01,5588480,243
55,Services,2008-01-01,2339289,85
55,Services,2008-04-01,3610425,232
55,Services,2008-07-01,3338833,228
55,Services,2008-10-01,4498678,292
55,Services,2009-01-01,2843692,174
55,Services,2009-04-01,4667035,160
55,Services,2009-07-01,2581790,206
55,Services,2009-10-01,2705134,173
55,Services,2010-01-01,3629265,113
55,Services,2010-04-01,1415689,104
55,Services,2010-07-01,2777893,82
55,Services,2010-10-01,6083872,86
55,Services,2011-01-01,264774,28
55,Services,2011-04-01,386485,20
55,Services,2011-07-01,318231,15
55,Services,2011-10-01,889270,20
55,Services,2012-01-01,595068,16
55,Services,2012-04-01,887089,20
55,Services,2012-07-01,640784,11
55,Services,2012-10-01,433702,7
55,Services,2013-01-01,102586,3
55,Services,2013-04-01,0,0
55,Services,2013-07-01,0,0
55,Services,2013-10-01,99464,8
55,Services,2014-01-01,0,0
55,Services,2014-04-01,0,0
55,Services,2014-07-01,60847,3
55,Services,2014-10-01,207138,23
55,Services,2015-01-01,140802,7
55,Services,2015-04-01,454018,41
55,Services,2015-07-01,451639,34
55,Services,2015-10-01,410316,24
55,Services,2016-01-01,626257,59
55,Services,2016-04-01,384181,38
55,Services,2016-07-01,290394,35
55,Services,2016-10-01,338913,47
55,Services,2017-10-01,1816754,46
55,Services,2018-01-01,120366,20
56,Admin Support,2005-01-01,369813696,31543
56,Admin Support,2005-04-01,470533580,34547
56,Admin Support,2005-07-01,507494886,34919
56,Admin Support,2005-10-01,534994828,39766
56,Admin Support,2006-01-01,426755649,34419
56,Admin Support,2006-04-01,532401302,37652
56,Admin Support,2006-07-01,562672773,37543
56,Admin Support,2006-10-01,587002912,42576
56,Admin Support,2007-01-01,496730889,37071
56,Admin Support,2007-04-01,631445473,40272
56,Admin Support,2007-07-01,654233075,40121
56,Admin Support,2007-10-01,653177347,44958
56,Admin Support,2008-01-01,509153817,38173
56,Admin Support,2008-04-01,618290643,41591
56,Admin Support,2008-07-01,625251118,45129
56,Admin Support,2008-10-01,597618750,50122
56,Admin Support,2009-01-01,460998765,41566
56,Admin Support,2009-04-01,539343799,44478
56,Admin Support,2009-07-01,519333376,45472
56,Admin Support,2009-10-01,537845400,52105
56,Admin Support,2010-01-01,422228116,44897
56,Admin Support,2010-04-01,506699368,47582
56,Admin Support,2010-07-01,513718463,48144
56,Admin Support,2010-10-01,530329938,56000
56,Admin Support,2011-01-01,422482047,46440
56,Admin Support,2011-04-01,520292536,50029
56,Admin Support,2011-07-01,556363573,51060
56,Admin Support,2011-10-01,596076207,58763
56,Admin Support,2012-01-01,467275082,49578
56,Admin Support,2012-04-01,570215409,53151
56,Admin Support,2012-07-01,603206935,53826
56,Admin Support,2012-10-01,615451950,61522
56,Admin Support,2013-01-01,503862364,50443
56,Admin Support,2013-04-01,610136437,54533
56,Admin Support,2013-07-01,627405102,54193
56,Admin Support,2013-10-01,634267000,61114
56,Admin Support,2014-01-01,524615488,51566
56,Admin Support,2014-04-01,650998747,54838
56,Admin Support,2014-07-01,668322037,54748
56,Admin Support,2014-10-01,689342162,62181
56,Admin Support,2015-01-01,568819220,53326
56,Admin Support,2015-04-01,698498443,57361
56,Admin Support,2015-07-01,725460390,57353
56,Admin Support,2015-10-01,766171024,64519
56,Admin Support,2016-01-01,675659807,55435
56,Admin Support,2016-04-01,785440258,59788
56,Admin Support,2016-07-01,826887990,59785
56,Admin Support,2016-10-01,837636477,66977
56,Admin Support,2017-10-01,961169720,69778
56,Admin Support,2018-01-01,1289730757,59940
61,Education,2005-01-01,44353928,1804
61,Education,2005-04-01,36195230,1766
61,Education,2005-07-01,51114166,1960
61,Education,2005-10-01,31713122,2344
61,Education,2006-01-01,43489088,1746
61,Education,2006-04-01,36066540,1745
61,Education,2006-07-01,50899445,1757
61,Education,2006-10-01,32754012,2488
61,Education,2007-01-01,45482743,1781
61,Education,2007-04-01,40078439,1794
61,Education,2007-07-01,57444501,2046
61,Education,2007-10-01,39492910,2722
61,Education,2008-01-01,52204329,1885
61,Education,2008-04-01,45291187,1917
61,Education,2008-07-01,62971161,3281
61,Education,2008-10-01,37916618,4312
61,Education,2009-01-01,52388712,3384
61,Education,2009-04-01,43134109,3741
61,Education,2009-07-01,64612904,4076
61,Education,2009-10-01,42300337,5349
61,Education,2010-01-01,59472758,4262
61,Education,2010-04-01,46885116,4411
61,Education,2010-07-01,69382009,4765
61,Education,2010-10-01,46048995,6067
61,Education,2011-01-01,60949639,4834
61,Education,2011-04-01,47879100,4461
61,Education,2011-07-01,73728359,5094
61,Education,2011-10-01,56707719,6901
61,Education,2012-01-01,61769905,4891
61,Education,2012-04-01,56669259,4871
61,Education,2012-07-01,72149786,5123
61,Education,2012-10-01,56655263,7303
61,Education,2013-01-01,62032763,5652
61,Education,2013-04-01,58719424,5788
61,Education,2013-07-01,72259941,6276
61,Education,2013-10-01,53581343,7619
61,Education,2014-01-01,59456460,6003
61,Education,2014-04-01,61173734,6900
61,Education,2014-07-01,75434950,7333
61,Education,2014-10-01,61022558,8478
61,Education,2015-01-01,62282263,6700
61,Education,2015-04-01,62181064,7274
61,Education,2015-07-01,78219528,8235
61,Education,2015-10-01,65620124,9441
61,Education,2016-01-01,70760945,7758
61,Education,2016-04-01,71995921,8075
61,Education,2016-07-01,89674051,8366
61,Education,2016-10-01,77161665,10054
61,Education,2017-10-01,78756931,10350
61,Education,2018-01-01,70514456,8070
62,Health Care,2005-01-01,64234888,2855
62,Health Care,2005-04-01,67881603,2869
62,Health Care,2005-07-01,64182925,2974
62,Health Care,2005-10-01,72603085,3495
62,Health Care,2006-01-01,68968067,2998
62,Health Care,2006-04-01,69689805,3205
62,Health Care,2006-07-01,69581614,3276
62,Health Care,2006-10-01,77467899,3995
62,Health Care,2007-01-01,73713469,3293
62,Health Care,2007-04-01,78279364,3314
62,Health Care,2007-07-01,76865482,3187
62,Health Care,2007-10-01,84214082,4022
62,Health Care,2008-01-01,82091511,3511
62,Health Care,2008-04-01,89577325,3465
62,Health Care,2008-07-01,86091648,4586
62,Health Care,2008-10-01,88520883,5422
62,Health Care,2009-01-01,86723189,4653
62,Health Care,2009-04-01,92579986,4777
62,Health Care,2009-07-01,76464246,4683
62,Health Care,2009-10-01,90217991,5455
62,Health Care,2010-01-01,71873368,4736
62,Health Care,2010-04-01,75179905,4857
62,Health Care,2010-07-01,77921795,4839
62,Health Care,2010-10-01,81795909,5964
62,Health Care,2011-01-01,75766060,4935
62,Health Care,2011-04-01,79805157,5485
62,Health Care,2011-07-01,80008361,5353
62,Health Care,2011-10-01,88639814,6368
62,Health Care,2012-01-01,81376773,5338
62,Health Care,2012-04-01,85380276,5303
62,Health Care,2012-07-01,84457134,5285
62,Health Care,2012-10-01,96838738,6298
62,Health Care,2013-01-01,86454556,5476
62,Health Care,2013-04-01,90251272,5504
62,Health Care,2013-07-01,88820115,5463
62,Health Care,2013-10-01,93312626,6391
62,Health Care,2014-01-01,86420892,5518
62,Health Care,2014-04-01,91572347,5503
62,Health Care,2014-07-01,95756237,5576
62,Health Care,2014-10-01,100780102,6343
62,Health Care,2015-01-01,91641585,5541
62,Health Care,2015-04-01,101989633,5615
62,Health Care,2015-07-01,98332995,5689
62,Health Care,2015-10-01,107870856,6491
62,Health Care,2016-01-01,99548981,5705
62,Health Care,2016-04-01,105505842,5677
62,Health Care,2016-07-01,106993225,5592
62,Health Care,2016-10-01,114134852,6573
62,Health Care,2017-10-01,123117971,6664
62,Health Care,2018-01-01,112162711,5712
71,Arts and Entertainment,2005-01-01,189069789,2519
71,Arts and Entertainment,2005-04-01,228584538,2759
71,Arts and Entertainment,2005-07-01,255412882,2805
71,Arts and Entertainment,2005-10-01,214000115,4485
71,Arts and Entertainment,2006-01-01,223777365,2522
71,Arts and Entertainment,2006-04-01,231568611,2808
71,Arts and Entertainment,2006-07-01,263124234,2909
71,Arts and Entertainment,2006-10-01,234558652,4665
71,Arts and Entertainment,2007-01-01,228273322,2729
71,Arts and Entertainment,2007-04-01,246148514,2865
71,Arts and Entertainment,2007-07-01,274158366,2877
71,Arts and Entertainment,2007-10-01,231390150,4683
71,Arts and Entertainment,2008-01-01,256434663,2745
71,Arts and Entertainment,2008-04-01,259748807,3036
71,Arts and Entertainment,2008-07-01,285187968,3570
71,Arts and Entertainment,2008-10-01,223002295,6108
71,Arts and Entertainment,2009-01-01,242595411,3144
71,Arts and Entertainment,2009-04-01,251198374,3498
71,Arts and Entertainment,2009-07-01,270661664,3716
71,Arts and Entertainment,2009-10-01,234857402,6616
71,Arts and Entertainment,2010-01-01,246163236,3401
71,Arts and Entertainment,2010-04-01,254469215,3802
71,Arts and Entertainment,2010-07-01,282564345,3781
71,Arts and Entertainment,2010-10-01,248176722,7401
71,Arts and Entertainment,2011-01-01,250519678,3565
71,Arts and Entertainment,2011-04-01,259922861,3933
71,Arts and Entertainment,2011-07-01,287859965,4030
71,Arts and Entertainment,2011-10-01,254951672,8131
71,Arts and Entertainment,2012-01-01,282092888,4096
71,Arts and Entertainment,2012-04-01,274939763,4354
71,Arts and Entertainment,2012-07-01,306293423,4515
71,Arts and Entertainment,2012-10-01,271428715,8843
71,Arts and Entertainment,2013-01-01,286764539,4055
71,Arts and Entertainment,2013-04-01,292434950,4413
71,Arts and Entertainment,2013-07-01,331564965,4535
71,Arts and Entertainment,2013-10-01,280776988,8568
71,Arts and Entertainment,2014-01-01,292427216,4090
71,Arts and Entertainment,2014-04-01,310108288,4387
71,Arts and Entertainment,2014-07-01,352725959,4616
71,Arts and Entertainment,2014-10-01,285155720,9285
71,Arts and Entertainment,2015-01-01,286884273,4292
71,Arts and Entertainment,2015-04-01,332871601,4712
71,Arts and Entertainment,2015-07-01,370920432,4863
71,Arts and Entertainment,2015-10-01,321744157,9598
71,Arts and Entertainment,2016-01-01,333161721,4505
71,Arts and Entertainment,2016-04-01,358224636,4921
71,Arts and Entertainment,2016-07-01,396449709,5053
71,Arts and Entertainment,2016-10-01,344024658,10003
71,Arts and Entertainment,2017-10-01,362919813,9922
71,Arts and Entertainment,2018-01-01,383169705,5422
72,Hospitality,2005-01-01,2014359308,14642
72,Hospitality,2005-04-01,2347579882,15453
72,Hospitality,2005-07-01,2555781255,15661
72,Hospitality,2005-10-01,2297169615,16327
72,Hospitality,2006-01-01,2198141252,14886
72,Hospitality,2006-04-01,2511521768,15449
72,Hospitality,2006-07-01,2758461095,15866
72,Hospitality,2006-10-01,2474859167,16701
72,Hospitality,2007-01-01,2374665877,15200
72,Hospitality,2007-04-01,2731601700,16113
72,Hospitality,2007-07-01,2983536204,16493
72,Hospitality,2007-10-01,2626939130,17147
72,Hospitality,2008-01-01,2498901229,15738
72,Hospitality,2008-04-01,2821910195,16399
72,Hospitality,2008-07-01,3038052640,17603
72,Hospitality,2008-10-01,2493592519,18293
72,Hospitality,2009-01-01,2368241097,16761
72,Hospitality,2009-04-01,2671079909,17448
72,Hospitality,2009-07-01,2934176286,17994
72,Hospitality,2009-10-01,2517606768,18632
72,Hospitality,2010-01-01,2469476452,17184
72,Hospitality,2010-04-01,2806897418,18222
72,Hospitality,2010-07-01,3092336884,18810
72,Hospitality,2010-10-01,2683617838,19669
72,Hospitality,2011-01-01,2586921672,17657
72,Hospitality,2011-04-01,2972973502,18709
72,Hospitality,2011-07-01,3258325818,19115
72,Hospitality,2011-10-01,2838589950,20094
72,Hospitality,2012-01-01,2758608282,17931
72,Hospitality,2012-04-01,3134140656,18907
72,Hospitality,2012-07-01,3440331639,19258
72,Hospitality,2012-10-01,3036712928,20366
72,Hospitality,2013-01-01,2887737042,17963
72,Hospitality,2013-04-01,3326171999,18995
72,Hospitality,2013-07-01,3666346968,19572
72,Hospitality,2013-10-01,3207831539,20441
72,Hospitality,2014-01-01,3081279480,18103
72,Hospitality,2014-04-01,3572251773,19056
72,Hospitality,2014-07-01,4004133415,19641
72,Hospitality,2014-10-01,3454006473,20645
72,Hospitality,2015-01-01,3371163689,18498
72,Hospitality,2015-04-01,3952346543,19521
72,Hospitality,2015-07-01,4325455734,20165
72,Hospitality,2015-10-01,3752278810,21209
72,Hospitality,2016-01-01,3621815697,18903
72,Hospitality,2016-04-01,4234143666,20191
72,Hospitality,2016-07-01,4648460833,20717
72,Hospitality,2016-10-01,3946280996,21695
72,Hospitality,2017-10-01,4224957416,21874
72,Hospitality,2018-01-01,4052722064,19487
81,Other Private,2005-01-01,685974596,24188
81,Other Private,2005-04-01,733494025,25280
81,Other Private,2005-07-01,775015436,25846
81,Other Private,2005-10-01,794776060,32958
81,Other Private,2006-01-01,756470752,25587
81,Other Private,2006-04-01,809041278,26189
81,Other Private,2006-07-01,807133912,25819
81,Other Private,2006-10-01,839134773,34112
81,Other Private,2007-01-01,819481528,25972
81,Other Private,2007-04-01,869788584,26431
81,Other Private,2007-07-01,863050083,26454
81,Other Private,2007-10-01,886350535,34916
81,Other Private,2008-01-01,851909396,26526
81,Other Private,2008-04-01,875730838,26905
81,Other Private,2008-07-01,859620639,30823
81,Other Private,2008-10-01,818782191,40356
81,Other Private,2009-01-01,781316726,30566
81,Other Private,2009-04-01,792206064,30713
81,Other Private,2009-07-01,815442497,31241
81,Other Private,2009-10-01,824510098,41925
81,Other Private,2010-01-01,756709413,30779
81,Other Private,2010-04-01,795267608,30908
81,Other Private,2010-07-01,820931519,31135
81,Other Private,2010-10-01,834437958,40403
81,Other Private,2011-01-01,779313503,31212
81,Other Private,2011-04-01,830516862,31892
81,Other Private,2011-07-01,850295858,31973
81,Other Private,2011-10-01,917214605,41288
81,Other Private,2012-01-01,826381311,32125
81,Other Private,2012-04-01,845019001,33107
81,Other Private,2012-07-01,873802253,33217
81,Other Private,2012-10-01,893832673,42070
81,Other Private,2013-01-01,849853076,33875
81,Other Private,2013-04-01,930988675,34605
81,Other Private,2013-07-01,929136279,34595
81,Other Private,2013-10-01,952233132,42667
81,Other Private,2014-01-01,926410836,33742
81,Other Private,2014-04-01,946706094,34552
81,Other Private,2014-07-01,972394665,35059
81,Other Private,2014-10-01,985587419,43194
81,Other Private,2015-01-01,918528150,34181
81,Other Private,2015-04-01,1013918777,35422
81,Other Private,2015-07-01,1015584809,35413
81,Other Private,2015-10-01,1032666285,44358
81,Other Private,2016-01-01,1006448912,35568
81,Other Private,2016-04-01,1047563085,36508
81,Other Private,2016-07-01,1044315438,36568
81,Other Private,2016-10-01,1057207950,45419
81,Other Private,2017-10-01,1110833060,46094
81,Other Private,2018-01-01,1067497164,36480
92,Government,2005-01-01,7474623,177
92,Government,2005-04-01,12298818,129
92,Government,2005-07-01,8323663,156
92,Government,2005-10-01,13682885,241
92,Government,2006-01-01,9858673,155
92,Government,2006-04-01,19396677,203
92,Government,2006-07-01,18125779,218
92,Government,2006-10-01,16009568,270
92,Government,2007-01-01,14886492,200
92,Government,2007-04-01,25709112,138
92,Government,2007-07-01,11907137,119
92,Government,2007-10-01,12917852,188
92,Government,2008-01-01,5318232,72
92,Government,2008-04-01,11570738,84
92,Government,2008-07-01,18262876,355
92,Government,2008-10-01,11201708,435
92,Government,2009-01-01,9017773,436
92,Government,2009-04-01,13600869,444
92,Government,2009-07-01,14219321,492
92,Government,2009-10-01,8980564,548
92,Government,2010-01-01,8185975,494
92,Government,2010-04-01,13740977,480
92,Government,2010-07-01,12479902,400
92,Government,2010-10-01,8685298,544
92,Government,2011-01-01,8010800,494
92,Government,2011-04-01,16286495,517
92,Government,2011-07-01,15325460,510
92,Government,2011-10-01,8045050,674
92,Government,2012-01-01,10859408,539
92,Government,2012-04-01,12612499,678
92,Government,2012-07-01,13819777,758
92,Government,2012-10-01,10747528,863
92,Government,2013-01-01,10790723,588
92,Government,2013-04-01,19167514,723
92,Government,2013-07-01,18424936,745
92,Government,2013-10-01,15241120,841
92,Government,2014-01-01,16534820,777
92,Government,2014-04-01,20832990,597
92,Government,2014-07-01,16121944,569
92,Government,2014-10-01,14719622,615
92,Government,2015-01-01,13171853,539
92,Government,2015-04-01,24644458,572
92,Government,2015-07-01,18364014,629
92,Government,2015-10-01,14503497,658
92,Government,2016-01-01,14585301,723
92,Government,2016-04-01,26733703,703
92,Government,2016-07-01,19801043,705
92,Government,2016-10-01,14102593,760
92,Government,2017-10-01,16826477,766
92,Government,2018-01-01,14613722,604
99,Other Govmt.,2005-01-01,0,0
99,Other Govmt.,2005-07-01,0,0
99,Other Govmt.,2005-10-01,0,0
99,Other Govmt.,2006-01-01,0,0
99,Other Govmt.,2006-04-01,0,0
99,Other Govmt.,2006-07-01,0,0
99,Other Govmt.,2006-10-01,0,0
99,Other Govmt.,2007-01-01,16974,3
99,Other Govmt.,2007-04-01,10331,3
99,Other Govmt.,2007-07-01,18095,6
99,Other Govmt.,2007-10-01,65127,6
99,Other Govmt.,2008-01-01,0,0
99,Other Govmt.,2008-04-01,0,0
99,Other Govmt.,2008-07-01,30955,3
99,Other Govmt.,2008-10-01,92088,14
99,Other Govmt.,2009-01-01,139166,17
99,Other Govmt.,2009-04-01,24897,11
99,Other Govmt.,2009-07-01,148048,56
99,Other Govmt.,2009-10-01,70471,14
99,Other Govmt.,2010-01-01,43854,11
99,Other Govmt.,2010-04-01,4710,4
99,Other Govmt.,2010-07-01,48648,18
99,Other Govmt.,2010-10-01,6940,8
99,Other Govmt.,2011-01-01,12054,3
99,Other Govmt.,2011-04-01,0,0
99,Other Govmt.,2011-07-01,47229,12
99,Other Govmt.,2011-10-01,0,0
99,Other Govmt.,2012-01-01,9509,5
99,Other Govmt.,2012-07-01,0,0
99,Other Govmt.,2012-10-01,0,0
99,Other Govmt.,2013-01-01,0,0
99,Other Govmt.,2013-07-01,0,0
99,Other Govmt.,2014-01-01,21150,5
99,Other Govmt.,2014-04-01,0,0
99,Other Govmt.,2014-10-01,0,0
99,Other Govmt.,2015-01-01,0,0
99,Other Govmt.,2015-04-01,0,0
99,Other Govmt.,2015-07-01,0,0
99,Other Govmt.,2015-10-01,0,0
99,Other Govmt.,2016-01-01,0,0
99,Other Govmt.,2016-04-01,106998,41
99,Other Govmt.,2016-07-01,719640,62
99,Other Govmt.,2016-10-01,100339,41
99,Other Govmt.,2017-10-01,0,0
