year,county,Hospitality,Admin Support and Waste Mangmt.,"Ag., Forestry, Fishing, Hunting",Arts and Recreation,Construction,Education,Finance and Insurance,"Health Care, Social Assistance",Information,Management,Manufacturing,Mining,Other Services,"Professional, Scientific, and Technical Services",Public Administration,Real Estate Rental and Leasing,Retail Trade,Transportation and Warehousing,Utilities,Wholesale Trade
1/1/05,Adams,13073412,1777227,420815,422128,20616696,415238,1232059,205590,6673747,0,1928957,0,6970990,1043153,0,3055367,29771574.5,185604,4596057,35728144
1/1/05,Asotin,19295324,2102732,4223,2429918,24477607,24572,1160384,976575,5160403,0,970346,0,4480520,1087881,0,4161451,41309088.5,543065.5,0,13433436
1/1/05,Benton,209629862,32213357,899102,19314004,356329075,1764924,19864466,5718829,93835667,0,17419923,0,53889779,19850356,93675,42666255,576090062.5,1073031.5,2577704,157260438
1/1/05,Chelan,139565854,15557084,2360289,11577290,209218279,1255616,14492662,3716717,39937128,0,9008250.333,0,36456497,16148434,518214,29038628,284045815.5,2163037.5,939365,100063664
1/1/05,Clallam,88996250,12229678,3130922,6504485,194766162,1640121,5817516,3076872,33945827,20032,8682242,1343237,34193012,8980378,84939,17727927,233899159.5,1375163,246615,48640145
1/1/05,Clark,397012941,85717561,8768196,37355471,1054513042,7973041,63433277,13267156,210436842,0,38103903.33,3082240,142905269,55157711,1430103,104300600,977345786.5,6663003.5,8011187,304109509
1/1/05,Columbia,2073323,233046,103220,101774,4732521,3236,77689,65248,1584934,,226005.6667,0,1939260,492200,0,648724,4509184.5,162523,0,5685647
1/1/05,Cowlitz,110312159,15132587,1061655,9871186,206971340,2824546,7163631,2869751,46866430,0,11691966.33,1254666,35235477,16449795,750244,29416868,329319428,4058506.5,519267,89521545
1/1/05,Douglas,23249536,3493724,612610,5646102,55185218,673775,1217907,301174,12324513,0,1553968.333,0,6408977,1666360,58111,8405493,100153579.5,699501.5,358284,35376221
1/1/05,Ferry,4824550,570229,63950,111121,6677988,1891,170309,63358,2410830,,159148,0,1130902,152693,0,666863,6113645.5,576,0,2642160
1/1/05,Franklin,47787231,8744269,5315482,4463328,167921158,556155,5496193,1629350,27509191,0,13169844.67,0,25089581,5388293,158233,42058143,177390617.5,2298689.5,604523,117067335
1/1/05,Garfield,449093,148800,0,13110,3786500,926,38512,42644,908824,,24638,,645918,105556,40654,468882,3956946.5,0,0,2356855
1/1/05,Grant,74860564,10642223,3308282,7634862,146908951,1581879,8303891,1958242,33944185,0,6086960,0,30814314,8798546,181182,16824623,196414510,1133292,14229724,97727428
1/1/05,Grays Harbor,97408516,9905845,2535367,5792513,164251927,411002,4539430,773153,34968089,334109,5505552.333,772951,11527500,7551643,5244,12993385,188594568,2039729.5,60088,43764605
1/1/05,Island,61090162,18256352,1558864,13011650,203332400,1396058,8028444,1035230,40451795,0,7444408,704257,19284569,10212614,4287,14073719,161596030,679452,1932838,25815139
1/1/05,Jefferson,46414123,5436587,1056015,4455241,115637507,637453,2793698,1559610,16071475,30516,5165355.667,1133930,11920247,4922689,52356,4905735,58602355.5,499777,145812,17748521
1/1/05,King,4129392411,909064151,31807950,411343630,7173301731,55494998,383992368,128511766,1995422196,8077703,295899386.7,17454218,597662147,1038712294,23450103,1219563183,8152097010,97151636,17229562,3822635458
1/1/05,Kitsap,259094867,51256151,1940616,25022916,580230758,2364270,27878944,7012333,149472932,368237,15452261.67,2246174,97331372,35653915,4516012,65576188,857825035.5,3293191,487886,116292698
1/1/05,Kittitas,64894353,6333315,1446909,4300333,186899337,10568949,5509522,1980729,17605190,32520,6098803.667,94265,15422082,13954271,18249,12110753,104218164.5,583153.5,496653,31793058
1/1/05,Klickitat,9446234,2229367,1716528,1660800,36348972,304050,2257447,161982,7786909,0,1823470.333,948849,4497457,1082219,47703,3893115,16445723.5,696938.5,26589,13741621
1/1/05,Lewis,80021647,8687208,2909522,10105602,162751082,1482596,2379571,2003424,35992539,468237,6759372.667,7064522,32258962,12783999,176412,25351515,227071559,2852326.5,720675,140966463
1/1/05,Lincoln,2968477,714616,161226,822965,16336223,10153,460967,81210,3820554,0,298545.3333,0,4721264,835180,183724,1216863,12139084,391428,70580,11362502
1/1/05,Mason,42374915,11103161,1526573,4342708,107332204,362567,6421308,542097,22798033,0,4350354.333,896533,17397190,5244912,111745,5826310,102255559,1274097.5,192295,16959132
1/1/05,Okanogan,42516795,3400597,1269943,3473008,68025006,375420,3785789,921455,15589865,0,1744332.667,0,18148661,2789120,41537,4700536,91125875,607539,1852877,24820189
1/1/05,Pacific,32473684,2378531,917078,2993697,53270811,99434,2986917,159397,8851541,0,1576419,1931534,6220675,1194081,67309,1797664,29181539.5,893805,0,8911647
1/1/05,Pend Oreille,6277795,809158,522309,232491,26248439,6002,679782,120245,4149732,,612920.6667,1315654,2114793,742060,0,1516519,11866739.5,6178.5,81822,13731383
1/1/05,Pierce,896359639,170642200,8830279,88646193,2051674875,12450694,123730350,28173262,482855624,2396668,109507574,7452502,348786090,114617752,3873715,284496087,2786774179,19235635.5,4066199,694591170
1/1/05,San Juan,51286137,11684530,2632349,6548598,128904386,192080,1687965,139407,8742967,0,2497096.333,115116,7651725,6687889,0,7209099,45076627,909382.5,55160,10493011
1/1/05,Skagit,154221444,21796186,2391667,20001134,295349008,3406780,13453744,4718922,63579216,0,25921178.33,4002853,54770270,18934426,126582,45124656,620817044,7885597.5,503232,153391021
1/1/05,Skamania,27322790,962857,257029,337102,30030397,5956,925397,6323,3805491,0,295071,74991,1464712,309380,0,1300401,6984197,109878,0,4014492
1/1/05,Snohomish,795236555,158411435,5726424,74244078,1638003825,13152943,126043666,18805852,460025028,428087,80625945.33,23397362,278361194,120292453,2206889,224758670,2442971377,12917746,6187552,616221920
1/1/05,Spokane,613718929,117194449,3259308,40545660,949027441,15785426,64452543,17709023,284344508,16037,63057722,753522,106062764,84491695,5751671,165861425,1666302847,10168177.5,2267091,529066048
1/1/05,Stevens,21741078,3091731,981144,3787645,56870204,386655,2793743,1260305,13569973,0,2699518,278710,13064829,2917608,57003,4932552,77408493,339218,116013,18994881
1/1/05,Thurston,217589983,72445163,1231863,14211701,525338842,3536579,25458733,10063218,114252642,112320,20487523,5666947,90315611,54846956,1743159,50030675,724065251.5,1838757.5,442791,190006118
1/1/06,Adams,13879927,2365411,496007,373663,22272242,327729,1912150,47563,7983923,0,934402.6667,0,7188955,1740542,0,3000806,29531361,284186,3001195,34365313
1/1/06,Asotin,21556377,2241632,28072,2386826,30724700,25238,1182819,982858,6339523,0,824356.6667,0,4503599,1065058,9578,4334765,44821436,449689.5,0,13589409
1/1/06,Benton,216345468,38558544,1239417,19438080,401514357,1527491,19039313,6090733,93710724,527429,12126598,87358,27758804,36071192,123926,41981979,582866598.5,873018.5,2785243,163139377
1/1/06,Chelan,150744275,18177647,2190767,14907106,283262329,1382325,17208810,4242697,41357806,243355,9359703,727287,34355428,19742146,559306,34147239,311086528,1799199,1303711,105023659
1/1/06,Clallam,93727118,13249025,4398029,7224613,239339166,1895320,4734129,3225839,34993783,0,8536963,1337247,34142476,9680283,71192,16070657,242028419.5,1483441.5,416692,49437357
1/1/06,Clark,435273239,98127529,14935617,38581971,1145695235,8278972,53971115,13456496,209897623,0,39880626,2044727,75210306,52019966,1821140,109764009,1038049001,7423167.5,8747255,311515950
1/1/06,Columbia,2400432,243648,286719,1460968,5702557,4579,241054,84845,1741850,,164340.6667,0,2099955,565236,0,618118,4431931.5,171514,0,4381370
1/1/06,Cowlitz,115429236,15105966,2441515,9424760,213582307,2882674,6074886,2912409,53081758,0,9514119.667,2111596,38080456,16795575,805884,28868577,349924139,2699032.5,1158737,94571293
1/1/06,Douglas,25693380,4280397,593167,5179224,61594078,867820,1429462,493152,12288516,0,1800310.333,0,6705076,1682125,0,6842732,109295594,521864,539097,49381658
1/1/06,Ferry,4986389,386596,110929,125100,9825109,1617,105003,62256,2456805,,198980.6667,0,1345029,325821,0,846437,5800533,0,0,2751496
1/1/06,Franklin,52366884,10154473,3624718,4832901,181990854,691802,6406686,1858818,31490523,0,11762664.33,1824218,23961366,6561525,247814,45491585,191488889.5,2260395.5,1274999,131805278
1/1/06,Garfield,624866,155864,0,0,2715953,1462,162743,0,915202,,15062.66667,0,646935,122481,0,460826,3126831.5,0,0,3456579
1/1/06,Grant,81449608,12583127,4002508,7689214,303087963,1344578,8995128,2429797,36460457,0,5869915.667,11934975,33347445,8232591,2316206,22808352,214726973,1393811.5,11048049,106688333
1/1/06,Grays Harbor,99653728,10469682,2557204,8090465,164752361,462536,4831539,820404,36155392,303498,5128190.333,588268,23014273,7165076,0,12854665,200361067.5,2446187.5,67621,45150573
1/1/06,Island,65389714,22139620,1378197,11494178,238111835,1365826,7397582,1039646,37402371,0,7190124.333,1099321,20049147,11563688,132032,13402004,172436067.5,785729,2302911,27107433
1/1/06,Jefferson,48176212,6389878,1355048,5017589,108160878,544216,2504136,1492778,17113910,0,5618793.667,931738,12706406,4494915,46392,4508304,59811821,745056,19449,20355634
1/1/06,King,4480918925,1004291751,36084821,439555647,8255833826,56706440,378115277,134507727,1971597179,10940850,331986377,20312968,635022300.5,1183145579,27456882,1340349010,8825657745,109274408,19989251,3932038395
1/1/06,Kitsap,272224020,56897026,2127945,27364928,713222972,2207690,26496209,7364216,151807250,384792,15967225.33,3004615,100855626,41025706,4828722,67107933,909467445,3468230,84443,117977931
1/1/06,Kittitas,70165056,7381020,2994343,9995611,240405237,9710846,5444380,1987923,21376786,0,6491896.333,135724,8722244.5,7539128,70128,17065042,117313200.5,749288,1149353,35577270
1/1/06,Klickitat,10584594,2508083,2184340,1446194,56660541,385731,2413930,145544,8150173,0,2070385.333,925679,5287504,1497126,44093,2860047,19256548,736436.5,479589,20673790
1/1/06,Lewis,85047380,9523367,3116616,11766840,237040182,1352879,3369947,2211479,39193507,446979,8924600.333,4954379,34312783,15426314,50297,25480455,252199878,2786141,770473,115989405
1/1/06,Lincoln,3167400,713463,79680,836969,16703576,6660,571224,108737,4206864,0,203591,0,5605687,2347825,0,1374219,11407399.5,0,211585,9629182
1/1/06,Mason,44422663,12160475,1786949,4062057,142661007,557570,6419165,661758,24351712,0,4572067.333,1052558,19032913,5509311,139596,7117849,111194784,1418263.5,436010,19019682
1/1/06,Okanogan,43254047,4647233,3477304,3644619,91643553,385435,3705671,1010726,16439460,0,1872685.333,29758,19776637,3820173,0,6097222,97129569,391260,2597413,32612990
1/1/06,Pacific,32971037,2110993,810164,2169735,50669280,89128,2543561,256548,9733199,0,1261474,2148987,6222046,1925906,71132,3539960,31317431.5,1057877.5,88695,10820110
1/1/06,Pend Oreille,6874446,956508,726935,252204,28464152,3191,918381,132306,4467540,,855302.3333,2692948,2240293,1070616,26274,1427357,12047409,0,77111,12560035
1/1/06,Pierce,955437798,212968153,10638394,104782542,2331802282,11731177,128818041,32028905,464076028,3028908,117667490,12297976,191405465,114297938,2437597,300761201,2980119207,21915360,4452205,723534434
1/1/06,San Juan,53667912,10836745,3217912,5476755,132686549,188587,1914119,231168,9110930,0,2562694.333,53607,7906585,8563960,0,7763568,45829403,1060551.5,154027,10954081
1/1/06,Skagit,167752586,29196231,3623904,23045589,433644838,3319859,12037444,5256568,63516099,0,30646159.67,887034,57328912,26339704,256845,46600773,644023457.5,8882005.5,518625,173078310
1/1/06,Skamania,29277838,1248783,261090,265432,23655962,750,812957,12221,3655662,,359920,0,1527142,404170,0,2348016,8485887.5,287591,131186,4302655
1/1/06,Snohomish,873442479,181311516,6752588,79182269,2058765347,14148141,122134644,19215901,431162159,939386,86242854.33,25584842,155758808.5,158071530,3304758,241671136,2723149634,14460529,4110271,648586641
1/1/06,Spokane,662627637,140828174,3323749,41533097,1085868824,16589590,66911684,19639455,296800480,923179,73271881.33,1032496,111847857,100666484,5658470,184605831,1798903945,10240345.5,2647509,584692373
1/1/06,Stevens,23429164,3131425,1144191,4796929,60657997,391465,2951957,1414903,14749527,0,2931448.333,323226,14501370,2890596,0,4320250,87154541.5,268943.5,143996,16347004
1/1/06,Thurston,235698968,78071948,1439206,15400436,628106033,3472017,25437547,9320568,109416505,126709,20519100.67,6220938,107060539,70488796,7521428,71851984,782189638.5,1981178.5,450942,184110905
1/1/07,Adams,15232345,1977862,564722,287848,27973354,326230,905074,55293,11004670,14110,1301838.333,,8090928,1661953,0,3581432,30307746,107399,3278644,44238060
1/1/07,Asotin,23383692,3463021,8144,2707523,28843272,90745,1076628,1075632,5424667,0,993807.3333,0,4642719,2328122,0,4567224,48244579,513439,0,11488218
1/1/07,Benton,237943443,45550685,1562139,19538363,481712653,1816032,20441351,6364166,100620248,763866,13539215.67,0,30998763.5,44583738,22847,48593550,640736843.5,850627,2601812,175247112
1/1/07,Chelan,166028233,22208927,1872597,14751492,287086340,1822385,17929013,4615647,44557815,96965,16868186.67,451955,34931585,20128039,446260,34345615,331417759.5,2113754,4030531,121196394
1/1/07,Clallam,100413667,13860273,4014891,7902443,230823936,1954499,4878924,3516316,40068653,15951,9226922.667,990566,35949033,12021750,124231,16089920,250365117,2362895,226921,57106710
1/1/07,Clark,460656023,112395555,9897812,43498682,1016443073,9746034,48283163,14956596,227936325,1129341,39537842,1575671,153653799,57081416,764408,108396285,1060693224,8564456,7511533,316694487
1/1/07,Columbia,2717665,494146,88399,86203,13339784,7838,120102,76543,1713867,,310853.6667,0,2262605,482857,,1074217,4629227.5,85005,0,7801008
1/1/07,Cowlitz,124907550,16123816,3347913,10013892,248098667,2883090,6145936,2879576,55567972,106442,10178572,2866677,37918388,17980066,736581,29545183,350690454.5,2905506.5,1337355,109187981
1/1/07,Douglas,27533273,5059955,672269,5621064,86245447,909606,1444867,529682,13140999,7557,2213416.667,0,8138903,2763956,0,6227443,117480633.5,143243.5,826480,55250614
1/1/07,Ferry,4486923,341132,91064,167816,10022669,7097,84535,58227,2254783,,244220,0,1272325,204210,0,905893,6383646.5,,0,4770000
1/1/07,Franklin,60601467,12386426,2350485,5166267,251169221,202436,5598672,1878233,34216717,89231,12857304,1260060,25426521,6742273,158673,48174612,201885042.5,2546619,662362,150152211
1/1/07,Garfield,652917,138775,0,17128,4651952,2204,39543,0,782266,,18909,0,556678,113071,0,575485,3497605.5,0,0,2510260
1/1/07,Grant,95123793,17217383,4907383,7666065,460375927,1590403,11727477,2547500,41113915,4481,41765727,3505695,44126974,29421917,22461,28506495,240948340,1416929,13213944,165364676
1/1/07,Grays Harbor,101357765,10304312,3071492,6269839,241486907,387077,5378662,992716,36730565,136593,5221341,1048763,24198473,8548457,0,14769819,214513121.5,2777820.5,185746,51308538
1/1/07,Island,69715248,25262005,1900951,12040074,275784222,1439471,5345336,1140100,37727904,15469,6295327.667,572756,21522555,12118251,0,13478919,172666127.5,3179162.5,2297903,32651019
1/1/07,Jefferson,50309467,6997778,1846539,5484413,103298433,763450,2251157,1749660,19826250,0,4836779,1283746,14098550,5904469,0,6035833,59601510,715836,51464,23268449
1/1/07,King,4855071540,1193456294,39112685,448287069,9990228219,65763707,379925348,142253538,1933738790,9409728,399381727.7,23214213,689961069,1303708700,26045621,1402795470,9165746147,111896518.5,20125738,4204171737
1/1/07,Kitsap,281872381,61108315,1856053,28800719,762682260,2548277,23578034,9244047,159338133,446661,16487311,2414427,106898650,43228034,4660120,65768353,907895605.5,3690595.5,914698,143804416
1/1/07,Kittitas,74733054,9730860,3721722,9415190,313828929,10890829,5816429,2155150,22578483,32748,5023759.667,342063,18698801,7296230,51372,16838600,121204855,723933.5,864536,37844908
1/1/07,Klickitat,11712044,1739420,1785165,1575484,62024810,140082,2342866,217193,8639175,0,1818459.667,918433,5107591,1964889,0,3847189,20732366,989011,37265,18559054
1/1/07,Lewis,88086051,12694230,3148507,11492238,230363418,1503305,3147032,2269955,41883765,572603,10180098.67,8314557,35023122,13972420,19439,19195788,264079510,3459914,6655920,104706289
1/1/07,Lincoln,3678325,1356949,118594,602501,25514666,11296,466995,98742,4295400,0,280577,1377194,5250502,1052448,0,1089963,11841528,0,0,10546741
1/1/07,Mason,47790733,13358244,1836857,4512288,156510321,368306,6146247,1748375,26493430,18697,5146476,793180,20108991,5644787,43383,8100594,114017011,1669175.5,379866,21503368
1/1/07,Okanogan,46729560,5653703,3726975,4088538,131511034,309036,3836288,890150,17360289,3364,2267235,356303,22058204,4889066,0,6210903,112995053.5,690268,3409288,37635414
1/1/07,Pacific,33564279,2466570,722846,2634497,69585856,123720,2254090,330320,10268094,0,1299888,2107787,6312230,1839534,0,3843269,32921232,1171426,0,11892148
1/1/07,Pend Oreille,7414844,1036938,731048,281559,19651870,20344,1002792,154280,4836832,,871869,12973499,1990717,2502789,49932,1691072,13904763.5,21674.5,83527,14615816
1/1/07,Pierce,1012709060,236181188,12344000,106306028,2395676591,13572332,120445296,35485563,470506936,2887676,119875701.7,5588404,198833048.5,134169215,681674,304899588,3041516167,29193336.5,5717141,776469806
1/1/07,San Juan,57870118,12505175,2857927,5817397,140405614,270003,1922229,219490,9609438,0,2276046.333,83412,8459063,7336593,0,9718070,49861204.5,1298832,436361,11697325
1/1/07,Skagit,180532016,29803801,4096105,20935051,423685045,3543926,11543451,5822807,65505907,60807,26874793.33,2939534,62815625,23464523,282758,47658083,661539378,9224565.5,586813,202346476
1/1/07,Skamania,26475777,1072621,262312,310834,23676126,66337,922598,38139,3948301,0,274924.3333,0,1477082,419157,0,2233621,8646617.5,279013,0,3315030
1/1/07,Snohomish,952374764,201631183,6549278,82329513,2229628970,15321948,112259187,22607912,522756686,1506922,95719459.67,26801817,337531513,141897906,2185952,246795236,2879883604,16318596.5,5064984,722864494
1/1/07,Spokane,712071314,153153768,3584717,43257639,1170824246,16829320,70443067,22087849,308901585,2459162,73203540.33,2438584,118042091,107591151,6039101,188617459,1881833549,12038441,1029351,625886295
1/1/07,Stevens,23774893,4744420,1125995,5356849,70050219,388562,2579052,1360347,16298088,0,3998282.667,540806,15061173,4755197,0,4369306,92715625,282776,303733,19451044
1/1/07,Thurston,255778928,92952087,1126333,17574464,680602095,4094552,23654990,10560719,111318278,136524,22128009.67,7927374,122361648,53723457,1911193,57415507,828144638.5,2033444,547895,228898171
1/1/08,Adams,15829860,2391963,826645,623568,42738783,319259,1178197,42939,9480519,0,1360314,0,8545091,3133695,10874,3784093,34792058.5,184852,4948566,54288065
1/1/08,Asotin,23308967,6449673,63103,2608357,30228945,69822,966239,1113088,6707605,0,1151829.667,0,4129600,1282850,12631,4162333,48731052,905408,143871,14171509
1/1/08,Benton,247719511,43111878,2755822,21423233,406864886,1898130,20569603,6916255,110016076,529619,15906835.67,180286,67069355,34700664,138165,60062207,661069138.5,1179073,2957721,202704062
1/1/08,Chelan,167201613,22919456,1951569,14460816,367836330,2117002,16853797,4510295,45881520,39147,10895928,1394798,36247881,18383933,258388,33811452,310894706,2390848,4206246,135221667
1/1/08,Clallam,98117617,13106976,3264741,8748415,169351426,2035769,4341645,3727153,39139333,6452,7770282.333,1035744,34190147,10829273,147799,13531058,230120680.5,1315055.5,213367,55892841
1/1/08,Clark,465488880,97919035,15401554,46536134,912392707,10872713,44487397,17311261,234464420,590917,31951103.33,1780958,144420051,48288413,1203414,109805598,977909126.5,8368449,7625764,321783374
1/1/08,Columbia,2611664,565712,57887,1420593,10096539,10311,177322,107563,1760808,,283713.6667,0,2143292,415902,0,719442,4790080,0,160262,6323407
1/1/08,Cowlitz,126159314,17243241,1862581,9007795,160796397,3475604,6543824,3380369,56913265,103998,8385384.333,1919248,37845422,18530886,998395,30050839,333074284,2998540,727009,106485815
1/1/08,Douglas,27296015,8257063,274496,6412712,240631281,887722,2103903,618421,18942329,6240,2525259.333,186164,6758802,30798350,28092,8520938,118304451.5,523272.5,836840,71937652
1/1/08,Ferry,4146646,698619,86054,94543,10814561,27192,136148,60588,2406703,0,343818,571254,1679804,308745,19564,1166100,7687820.5,5595,0,6272021
1/1/08,Franklin,62857420,15133940,5419645,5502310,250260748,269809,5504736,1661389,37139050,275471,11259058.67,1519644,47438239,10282661,337014,40762003,191794719,2787954.5,1292530,142233702
1/1/08,Garfield,356007,173413,101398,1638,3666027,529,70196,24850,791427,,72365.33333,0,355642,166701,43562,429236,3769845.5,33583.5,0,2374284
1/1/08,Grant,103828246,20676600,4434359,9914430,388276329,1449921,9510783,2430279,46777062,2582,9807060,127023,50886854,36661722,155568,36731772,258534897,2305039,15899938,272223992
1/1/08,Grays Harbor,98990229,11925137,2715818,5964156,176874363,433581,4641133,901255,37854309,2112,5580929,2150239,27573019,8634170,99125,16365871,202178985.5,3391307.5,88027,61693981
1/1/08,Island,72851702,24713658,1214095,12005369,207018453,1487013,4543267,1346893,41084724,19203,6390944.667,370851,21955542,11521035,164981,12460594,155287161.5,2185531.5,2164710,41335759
1/1/08,Jefferson,47710671,7281457,1946337,5470370,98435712,662693,2097811,1658380,18356213,12398,6265949,1185752,14784640,5183257,122467,5385335,58660442,622086,60306,28408985
1/1/08,King,4909338749,1150607191,35980615,470152641,10063446587,69824356,356812351,153895642,1973675822,7330560,352919221.3,22103997,688633848,1306590728,22304221,1324386757,8524095276,111977879,16621283,3565765855
1/1/08,Kitsap,288634973,58276773,2430977,29306463,617830308,2618961,21372754,10711531,158055497,41032,17030303,1668090,100275200,39923402,5264906,61646719,850001102.5,3154595.5,1680279,159296661
1/1/08,Kittitas,76990777,9757529,3765143,13292900,261749072,13567712,4761758,2314452,23381234,29737,5260998.667,268305,17856636,7481938,192098,15040285,114596942,1887924.5,669181,40650145
1/1/08,Klickitat,12138220,2642392,1569574,1681338,64831293,165549,1825827,211264,9226496,0,1803085.333,1485103,5184759,1874426,156183,7698824,22155888,1585676,264592,23042518
1/1/08,Lewis,88983612,10972749,3061992,11632342,320319141,1614320,3508870,2595963,44402557,363130,11365007.33,4565362,45196926,13350225,193520,19312378,253803719.5,10777082,13458769,113556106
1/1/08,Lincoln,5239004,1344548,212477,391431,23848138,10931,575438,85977,4913716,0,480995.3333,1293687,7081799,1564214,15925,1187715,12535705.5,230166,267393,13778002
1/1/08,Mason,47458234,11325021,1676818,4125402,152661402,264316,3726132,1956179,28049244,87886,5332469,796212,18383570,4860399,230763,8902094,107749970.5,1549368.5,267576,27632921
1/1/08,Okanogan,47639522,5485388,3297037,4572297,102827341,305615,3012325,987046,17968832,3219,2622760.667,714479,22377791,4451222,47141,7555672,118388016.5,1171328.5,2704060,47192476
1/1/08,Pacific,32863830,2947962,641435,3067471,74849458,114736,2511986,337657,10785504,0,1449778,2136316,5968145,1707703,53893,3983569,35946667.5,1099842.5,0,12806880
1/1/08,Pend Oreille,7297834,1526344,549793,275549,21159900,77119,690917,161496,5305778,,991304.6667,8004798,2448846,862588,47144,1547340,15543717.5,25588,2583571,17318382
1/1/08,Pierce,1039110533,203878930,8503173,112909013,2263281072,15566890,111129481,38413506,492134490,2182066,87306032.67,5091337,185057805.5,129067005,2581965,308045374,2775741608,21396704.5,4920040,747715637
1/1/08,San Juan,57142160,13539934,2748689,6200277,156974040,237976,2676477,253759,10160810,11803,1821168,86374,8032126,5612157,0,7443486,47587773,1891942,560033,12926102
1/1/08,Skagit,181224270,28072032,2692109,19298158,355140910,3658551,9729216,6580295,69873144,167678,24782119.33,1027839,62673224,23549207,247539,51371409,571757903.5,10353797,495907,183627756
1/1/08,Skamania,23601226,958638,411787,249129,18527206,56357,532536,35273,4176658,0,423509.3333,2177,1667101,485037,17065,1293693,8234072.5,252624.5,0,3540386
1/1/08,Snohomish,957528248,198811129,3330324,83598779,1982608813,16423651,85041082,26377931,505300971,3514458,84151875.33,13023872,160820610,144162406,2569325,225314032,2640209739,16227669.5,5766803,643121584
1/1/08,Spokane,724302077,152009906,2989133,43526394,1062843361,16839917,68250759,27087370,343048563,2252274,67997855.67,1792967,232341301,107357222,6921868,180512507,1792114475,12350445,2783205,572381325
1/1/08,Stevens,23777900,4714077,1534120,5449089,74494933,292653,2816959,1424618,17285560,0,3357911.667,431577,14750020,2488356,61679,4229359,93030505,400142,170599,20153829
1/1/08,Thurston,261724326,87026155,1945541,22573007,600856596,5107104,26623202,11160695,114401324,89658,18691078,5148635,100520975,51160230,5267271,56380211,797534229.5,2838494.5,554063,185247598
1/1/09,Adams,16553428,3119619,555127,790804,49093186,411372,1042380,40638,9659630,0,2130207.667,0,8011349,1739879,122486,5509187,33786429,197887.5,2266086,38287008
1/1/09,Asotin,23204659,3557749,34174,2662231,34784907,222159,1027067,1080527,6229373,0,1164917.333,39952,4139898,1565505,37311,4551602,59203042,491349,1177,14905203
1/1/09,Benton,266261044,47115301,1720018,20245601,367348826,3196535,18553609,5527356,111888615,527306,17183043,277728,79858789,35953326,184015,67026642,663725686.5,919358,6463184,209939534
1/1/09,Chelan,165177746,19582626,1628444,14279763,232027878,2105768,11574244,2835533,44465896,19570,11953818.33,493015,36826201,21402907,560850,31026307,284730201,2081659,2460154,104094337
1/1/09,Clallam,98067337,11543785,3229350,8594753,123017551,1882628,4044350,1780005,40617322,2706,6927282.667,863491,34530027,11140527,79632,12816202,224800759,1335035.5,149349,62685004
1/1/09,Clark,453961835,79609460,8652415,45937249,533000436,10427701,36624508,23384629,234047075,403520,23213647.67,2415087,71210809.5,48372268,1054411,99338556,911807383.5,6689638,5979449,260744386
1/1/09,Columbia,2585888,1394110,8899,1422202,7472548,18972,184013,102551,2125293,,232997,52373,2156180,503526,31267,802973,5364754.5,62275.5,286018,6750601
1/1/09,Cowlitz,122776126,17380258,2540210,7134847,232347458,3805156,5937558,2255194,56453414,70093,7908203.667,1939497,35985961,13374068,964692,25400461,290354334.5,2154989,837796,93300074
1/1/09,Douglas,27181367,5328818,108359,6590575,89261914,900884,1244835,779415,18020813,3806,2114803.333,286442,7212713,7955435,66295,8266585,118676398.5,888266,305952,58511221
1/1/09,Ferry,4145486,440003,201494,83342,9805703,36926,79187,61496,2843552,0,378942,1744047,1626005,634690,16017,648927,8980151,7142,46449,5862340
1/1/09,Franklin,65400182,14181480,5277811,4336327,151121686,693924,6206607,330504,39240042,0,5281182.667,833036,51138938,8975648,465390,37862368,189168023.5,2673903,564364,129702977
1/1/09,Garfield,320371,849596,23627,0,2454551,3238,36087,0,886460,,177812,0,412225,264177,44686,483062,3418337.5,18470,0,2873114
1/1/09,Grant,102080049,19502904,5455551,7569982,208663632,1745807,9026456,2533770,47726298,22079,8476958.333,363930,39596441,21753557,59734,34530945,239987298.5,1569703.5,8016556,202811169
1/1/09,Grays Harbor,97785796,10795135,2504728,5631661,136180299,439428,3905300,647868,37778635,412412,6796430.333,1314460,25049116,7488067,185521,15569223,181947367.5,2349795.5,165220,53030661
1/1/09,Island,72614109,22229483,797914,11682562,181426743,1326889,4320431,1231356,40771607,13173,5579530.667,786990,20518221,11566316,285006,11990942,146698388,821473,2126943,49873763
1/1/09,Jefferson,45408890,5511506,1315787,5390534,81944950,528092,1945701,634210,17690588,0,8892522.667,690504,14969120,4613272,280807,4550865,58039133.5,676379.5,73521,22458305
1/1/09,King,4701465082,902663700,30611893,453835390,7575354120,71453881,338870681,155964219,1903544957,4051350,273260450,16717267,639682103,977209464,14293698,1212171615,7740122207,96510409.5,17298437,3000493593
1/1/09,Kitsap,289288141,50859556,2021285,26775821,487692385,3174908,18762288,12328434,158989892,204554,14874198,1334121,49498400.5,39021189,5357399,61077590,807722407.5,2797223.5,1973569,149790741
1/1/09,Kittitas,79803285,8389245,2095508,17434214,169503041,11621000,4758162,505314,23818301,25185,5285669,453016,17612653,6228892,828495,13106926,106215711.5,1951028.5,1053915,40838857
1/1/09,Klickitat,13054194,7425691,1545069,1817987,72164286,281152,2048093,211766,10480017,,2161134,6453717,5057380,3068336,110443,8728010,24889244.5,1303650,91278,31000931
1/1/09,Lewis,87421301,12122726,2933714,11020893,202247534,1725026,3187939,559975,45048677,47750,13573369.67,8858563,33336524,12147870,388650,21329148,225430282,2572369.5,1520028,88361188
1/1/09,Lincoln,5084860,2016498,343380,595182,24000685,20622,375327,321994,5758444,0,587029.3333,256360,5734599,1137434,31744,1202573,13722967.5,178397,237994,11321771
1/1/09,Mason,46709097,10744015,976374,4124025,112596444,256845,3392700,1673023,27885929,92202,3713333.333,539060,15872682,5380107,126764,8611917,104291517.5,1254966,110726,26958945
1/1/09,Okanogan,48070319,5175726,2477234,4032387,81852442,383960,2732241,618694,19974093,2033,2771405.667,216885,18289254,4695535,60215,6392819,111580481.5,2880653,1504765,46176689
1/1/09,Pacific,34230531,2357355,148272,2946031,51366815,222011,1424899,347399,11391892,19749,1476606.333,1196439,6857653,1892055,162719,3381096,31947154.5,1138181.5,62009,11653812
1/1/09,Pend Oreille,7016635,1852519,613795,181322,19226282,67038,773329,196055,5478287,0,2920686.667,218843,2935367,1809573,15838,1830531,22267747.5,286165.5,392316,12425871
1/1/09,Pierce,1015928425,188080132,8775373,106102502,1720737602,17160655,103640090,27328983,465944302,2465790,63380628,3648835,181063419,132504720,2756676,272620919,2570907489,18989742.5,5141415,629449005
1/1/09,San Juan,48864887,11604018,2088456,6192561,122979053,293645,798343,265625,10305555,0,1802584.667,70513,9010215,4322076,2170,6968647,46315862.5,2050799.5,409076,12133520
1/1/09,Skagit,176301221,31577138,2435326,19033941,273941498,3912869,9042785,6482757,66832593,110540,18637088.33,450974,29837658,19316960,742542,41368503,531310579,9672466,507582,156475701
1/1/09,Skamania,19991924,801475,388964,260644,26811959,42149,523240,21756,4902804,0,336055.3333,0,1374484,345194,6167,1092200,7674078.5,202709,55489,3812205
1/1/09,Snohomish,917244951,173383255,2953404,80092479,1630977651,17550066,74909855,26962744,440232701,676959,56986192.33,4459598,153407701.5,108997600,3145062,194187911,2434626139,13710096,4704155,559599643
1/1/09,Spokane,713111076,143006833,2334633,41637225,913272931,18130481,57107505,25699073,337719692,4062417,50255257,1277223,109463107.5,130272117,7548267,164035029,1683128813,10322917.5,3706791,514536308
1/1/09,Stevens,24201700,5067138,1258924,6398684,61527829,254648,1993710,1074365,18163272,0,2470714,220656,6790450.5,2297895,73897,3336898,86495413.5,292799.5,195229,19858534
1/1/09,Thurston,265532507,91660143,2016726,20913507,512459994,6561451,20876884,6786182,148076708,35703,16788093.67,3275057,92873648,45951143,4354561,58713747,774243563.5,2630667,523763,222724604
1/1/10,Adams,18085935,2234946,438597,718710,38844055,414734,954191,84455,10038613,0,2187138.333,249534,7173484,3097215,74351,3670355,34879909,235208,118512,37866379
1/1/10,Asotin,24473467,3416907,39604,1910430,22227262,119279,883838,1188036,7319210,0,1260989.667,0,4485451,1257414,19842,10294338,76524950,516057,0,13884260
1/1/10,Benton,285709848,46627476,1617418,24748645,344301335,3699079,18294678,5934196,116007087,579480,16269787,410371,37110811.5,58495663,122719,66903868,710256501,1426232.5,2690597,209216959
1/1/10,Chelan,172185794,19542764,1667665,14267809,235484834,2437481,10222102,2800702,46436246,31168,10657492.33,596129,34200560,29013749,135730,30602324,289036716.5,2030802,2684727,102578372
1/1/10,Clallam,103948648,12555417,2968009,7924070,141039102,1912814,4258577,1965179,40814762,0,5576353,875906,34848565,12202093,108458,14372920,228443439.5,1252347.5,154425,60637684
1/1/10,Clark,466858146,80147900,27389706,44455344,574318931,10914468,33475845,22623942,255448032,359832,20041856.33,1643399,141180705,49953721,930546,91384568,948196197,6667461,6608425,258722279
1/1/10,Columbia,2740866,574872,65138,829050,6120101,25753,152675,128512,2664347,,355135.6667,272773,1956040,1485538,0,1118513,5500527.5,114509,126505,7722541
1/1/10,Cowlitz,123739257,14821065,1466306,8810588,303872185,3563758,5352352,2116481,59026143,54994,8557325.333,2576286,17465458.5,14343198,827188,26679657,304405497.5,2084129,1178036,88806999
1/1/10,Douglas,30095890,4771678,186154,7045698,69441555,534658,1371638,642402,19813252,0,2045984.333,84112,7535581,31329077,46077,7042542,119443756,1075320.5,229962,60674853
1/1/10,Ferry,4072585,456799,457902,336020,12075941,53353,91725,142162,3221325,,632747.6667,600542,1454455,386746,0,1054874,9027633,5589.5,0,6785892
1/1/10,Franklin,70792250,15337717,7698424,3933878,150999156,486401,5301000,220833,40080934,396480,6607658,920291,58108655,9128992,748556,37210853,200912973.5,4135631.5,230024,131938970
1/1/10,Garfield,387499,279549,23651,0,4550005,8070,41527,13903,1163856,,203241.3333,724354,488001,199433,28014,806432,3748126.5,82174,51365,7104746
1/1/10,Grant,105527251,21144781,4802907,8024165,206471162,1765354,7238113,2303074,50650439,0,10353377.33,155101,39703151,21344128,169282,27537345,252401256,1820149,3024412,175506330
1/1/10,Grays Harbor,105887024,8723389,2661135,5668751,151490138,465364,3856617,714674,39837251,81900,5592250.667,2578798,10785593,10159053,189427,15931552,181883585,2285500.5,63258,60431073
1/1/10,Island,74427372,21472774,812871,11361820,140681479,1427382,3652215,1513832,41387903,0,5336060,1043309,20676132,11213542,153486,10307267,146178220.5,675894.5,2227336,53066330
1/1/10,Jefferson,46972334,6082479,459960,5676801,60395512,525663,1772787,432255,17120047,0,7640026.333,1096685,14617034,4782398,318566,4673565,59942368.5,568293.5,140410,22477033
1/1/10,King,4982814628,885678757,41699631,480964243,6350640790,80625960,302256934,128160720,1966650667,5916043,277346099.7,14290043,639752621.5,1075538302,13391572,1154376264,7987373228,103700017.5,14059956,2997545098
1/1/10,Kitsap,299643172,58266312,2777863,27728173,404825728,4243635,15145946,15326519,155631620,12889,14956678.67,2528825,48009233.5,40086524,3915017,57553406,814717525.5,3123160,2720614,165887340
1/1/10,Kittitas,84297813,7955091,2806512,14935726,138010807,12739178,5075364,571200,24885356,0,4331879.667,203573,16598888,5298822,75528,15694508,113674411,1622903.5,228349,45761799
1/1/10,Klickitat,12609844,4072635,2228671,1861826,65332319,320804,1618585,209457,11616439,,2806131,280612,5309923,3382676,172594,8190787,25595597,1354788,120632,31818683
1/1/10,Lewis,90539301,10977126,2663886,11898033,123243762,1863932,2969769,720091,45420880,0,10536303.67,2029840,33611096,12473150,186222,16568041,232883392.5,2229976.5,4181118,91226432
1/1/10,Lincoln,4561329,1569135,469726,350630,22864856,39547,376911,549756,5908828,0,627653.6667,240509,6876734,1105877,26066,1386739,13783689,209288,117587,13075882
1/1/10,Mason,47936631,10542759,858739,4490495,112471011,305793,3016085,2695415,28198035,79426,3181001.333,557863,15597873,4399300,167600,7821202,107878174.5,1160836,146402,25619427
1/1/10,Okanogan,48781042,6128015,2353970,4220353,73032988,464377,2609513,605492,21402317,0,3276111.667,226427,17336789,6340970,56012,7483916,113771354.5,1769601,1631220,43561009
1/1/10,Pacific,35008526,2819682,2572477,2582842,35925481,275140,1631505,313977,11577334,0,1539781,1388056,7432049,2020744,51720,2993744,32670474.5,809102.5,39822,16839698
1/1/10,Pend Oreille,7319400,1609886,447366,156306,17698911,58753,603639,152254,6389320,,1138586.667,428430,2328435,2364760,57273,1663415,20250469,40502.5,548854,10027901
1/1/10,Pierce,1037818226,185072945,16316241,108952189,1629052866,17705426,81938474,27271807,504695645,7460866,66246770.67,2866643,186308108,115348823,4731701,262012302,2671113926,18752039,7668411,663100893
1/1/10,San Juan,51577333,13196521,2135420,5786202,115829725,428798,487411,173089,11275679,22220,2223756,159349,8699076,4812994,25560,8307130,47823840.5,2143231.5,381852,14844743
1/1/10,Skagit,182104500,29127729,1576009,18828468,222701683,4010087,8772288,7310960,70089601,6689,15949018,583053,56106852,22774646,330929,38790856,538086645.5,10102923.5,531874,155041823
1/1/10,Skamania,23432580,965337,217036,193509,20286008,42508,518030,22012,5152640,0,297064.3333,0,1249071,582995,3034,1221102,8402451.5,210624,116224,4398589
1/1/10,Snohomish,946314030,169214200,3087369,80748211,1516802758,18414998,57582145,30384315,466156334,64315,55801515.33,4814722,147047274,135177460,3051530,176309394,2521180641,13948698.5,4521737,591084964
1/1/10,Spokane,741655101,134774963,2410042,41949670,792419236,18250455,52617166,26472999,336457374,762671,49133051.33,1089522,102312073,163423750,7768811,156665913,1695193252,10677785,4177401,510495098
1/1/10,Stevens,25401020,4740106,1142084,6262995,49526109,217501,2765995,1219640,20397706,0,2312013,643743,12979772,2131142,58711,4136722,89519551.5,285686.5,156785,20775077
1/1/10,Thurston,269940499,85487004,2802064,21476645,545167699,7758489,18538442,7875402,175062381,68258,19290410.67,3704567,95066995,49195581,4507019,50990783,810432821.5,1379917.5,672065,226472534
1/1/11,Adams,18647416,2358739,848885,684777,64360095,220826,970517,67937,9916903,0,3492475.333,144783,7553284,3841604,116180,4236763,38641824,297932.5,9022,45515745
1/1/11,Asotin,25514450,3187506,37339,1983544,22449132,83140,692270,1506755,9210316,,1261549.667,0,5031666,1807446,22243,8038822,76552305.5,469875,0,15601923
1/1/11,Benton,306881216,75502289,3162677,26965039,413593937,2773251,17614223,6709642,115560017,5376,19261165,785200,87984503,59113863,54265,64019434,748047376.5,1598953.5,3446675,218268442
1/1/11,Chelan,185278386,20720000,2287971,13496114,191126487,2667563,8306719,3243386,46860234,13697,12495598,634764,38553376,26367475,236765,29975032,284520912,2222429,2708322,124487646
1/1/11,Clallam,104014891,12773647,2941732,8234707,133637011,1807303,3458823,2273428,41000582,0,5250118.667,908990,36796108,13187737,145759,11417979,229361347.5,1528898,154306,59213313
1/1/11,Clark,483582773,82979412,20481771,46357003,629133026,10516453,29911914,24115562,273591850,21581,20018617.67,1811892,144676445,64413367,918961,86764502,974452972,8280724,6057689,266437426
1/1/11,Columbia,3057305,650698,137540,297004,9042247,17035,776392,108390,2124891,,530325,10757,2141087,585680,64298,1850661,10916792.5,117522,0,11313661
1/1/11,Cowlitz,125828809,15020748,2105813,8078086,176318031,3889907,4618784,2062713,61173091,43923,7650446,2016087,36778282,16965555,856637,25679498,305056445.5,1818142.5,248949,86205383
1/1/11,Douglas,31641445,4984101,619186,6954530,78589676,170248,1641802,712132,26425748,,2486694.667,27504,9896332,19103614,30155,7889111,136654244.5,999479.5,433469,56047494
1/1/11,Ferry,4183377,535589,232542,325731,10145173,21183,75713,161907,3261644,,717065,2671079,1847553,368033,12113,1235573,9680045,625,0,8635569
1/1/11,Franklin,75209385,15461092,5679267,3858801,140879207,591458,6212483,292363,40758656,0,7974567,795917,70429703,13528878,1697349,38254990,205924344.5,2764863.5,314730,151246046
1/1/11,Garfield,496303,989602,24575,6668,24690080,6104,77675,1313,1300850,0,517190.6667,273306,557590,194938,16785,4002506,6122958.5,114946,0,42993283
1/1/11,Grant,111265214,22526633,5034657,9017367,307682672,1555573,6419986,2276518,51015015,0,10717307.67,169851,44092430,25384519,183834,30715258,267570635.5,1911835,4609373,297280762
1/1/11,Grays Harbor,106882144,10639391,3030983,5528458,217185029,335621,3945565,1061213,39752482,5300,9025740.667,4148347,10580783,11524926,126579,18397465,183735641.5,2595799,40027,58751836
1/1/11,Island,76903163,22120301,819288,11343550,128300822,1394183,3490306,1083806,41982144,0,5376332.333,655648,21828577,11633768,231993,9678502,145342977.5,733014.5,1289142,52756005
1/1/11,Jefferson,46607334,6924659,820299,5718283,63576516,636789,1585878,424866,17617386,0,9226416.667,705582,14392103,4730054,146721,4462374,61891349.5,520573.5,112829,21445035
1/1/11,King,5304050382,947569205,31218856,489828580,6387817386,117912859,296741741,138018898,1947373007,2259237,302449941.7,14761675,692262362.5,1149565199,12321191,1165961304,8352972247,107253274,14651002,3169378248
1/1/11,Kitsap,309517508,62357446,3032574,27239772,395832125,4833084,17309137,17037694,154923080,7826,15255968,1717468,52765605.5,36633371,3492367,54647073,817763811,3244181.5,858234,160623778
1/1/11,Kittitas,86618691,8731567,3004599,17253693,153849860,12628820,4662675,685445,25271350,0,5052743.333,819472,17374211,6612028,98148,11320760,116702165,1821642.5,326809,44733933
1/1/11,Klickitat,12502204,2315663,1974293,2191083,70854789,208933,1301586,235361,11060691,0,2606657.333,170022,5973955,5388732,97541,5871508,27103357.5,1354609.5,778374,24726384
1/1/11,Lewis,91763860,14623024,2479292,13440867,130753608,1676636,2522276,536729,47309703,0,8979758.333,2872854,32162529,13940276,72780,16778506,236022357,1963822.5,4031971,92272575
1/1/11,Lincoln,4961350,1077325,450659,617923,32638038,58388,657647,453783,5735536,0,751271.6667,239483,12712336,1460298,54492,1720393,14939818.5,219441.5,276017,19478284
1/1/11,Mason,48274148,10254691,1156405,4580744,122493650,292564,2763029,2776527,28960354,102075,3035504.667,594296,15015631,4768097,191952,7359956,106266970,1025252.5,149407,27346836
1/1/11,Okanogan,50748274,6128306,1878115,4763494,68856686,846646,2406698,431676,21596413,,3800194,2004168,17430051,6864868,97994,7882001,113638446,1194788.5,1528190,46373347
1/1/11,Pacific,34176711,3976277,1668845,2527116,42634445,233954,1476746,454038,11744383,0,1631425.667,1631481,6741367,1904006,28115,3280102,32670073.5,887757.5,15214,12885868
1/1/11,Pend Oreille,7300346,1772760,671905,152456,25386315,52981,667854,148490,6844778,0,1062217.333,377637,2604730,1448309,10990,2225087,13594427.5,20398,754879,22168759
1/1/11,Pierce,1069275344,188325211,6750052,112712958,1406342276,18354484,76247520,27773536,505097657,830488,66475117.67,2370191,188524550,133772323,3048702,246031977,2747302649,20459423.5,7462972,602965825
1/1/11,San Juan,56205476,11517839,2803571,5807687,104831947,488651,502433,205456,11592024,0,2136622,140587,8738599,4043011,13542,7953720,47525629,2057583,931894,14932224
1/1/11,Skagit,188441795,28248192,1411081,17976064,278982980,3806829,8854756,5567915,71812391,0,14970500,441757,59397308,21127332,389579,37345201,554990093,9829996,574322,173041418
1/1/11,Skamania,24642751,769465,135187,411355,45329691,31857,335695,15771,5388885,,274546,0,1400661,652932,74853,1446201,8192025.5,289330.5,7459,5552023
1/1/11,Snohomish,1008332901,180741492,3370204,81128979,1177119727,18223018,54475892,31600945,471483644,92722,63383720,6498086,296697239,141461533,3223302,162138961,2610854815,14063861,5806891,659620897
1/1/11,Spokane,766049198,139581510,2824223,42258675,850587272,18121373,55631168,27231742,350159557,19947,49521491,810392,203538384,141068957,7550729,147269558,1718635384,9849284,4299541,538114652
1/1/11,Stevens,26040912,3836749,1662581,5938617,43523694,280749,2734519,1173856,21677468,0,2629199.667,272584,13698161,4208494,45798,4216731,91607704,342745,180524,21139766
1/1/11,Thurston,274664409,85501511,2004245,22414347,466379970,8646200,19035531,7235576,185559170,15986,17056233,3193728,96741710,75365648,10534642,47407401,807314172.5,2536599.5,709537,207882097
1/1/12,Adams,18225833,2379413,810057,919763,53676491,301779,844214,150670,9814044,0,1827933.333,349802,8417007,3759740,175025,5036802,40871819.5,495672,42679,50217811
1/1/12,Asotin,26316363,3015199,16788,1916235,23236787,80371,731314,1150081,9414764,,981767.6667,0,4429356,1826488,28330,3962572,78013559,468514.5,0,15010723
1/1/12,Benton,310507580,55268307,14865240,32183588,370008539,1511952,17957968,6997577,111401858,0,17038050.33,366644,80288668,69620797,3503102,58747263,770477873.5,1584264.5,2550308,206183206
1/1/12,Chelan,191235138,20077008,7619185,16515048,199806964,2492380,7905388,3213068,47528011,0,12517886,2836110,37939634,22569276,182540,31762938,286776896,2345311.5,2773573,114821362
1/1/12,Clallam,109807362,13263417,1154481,7267104,105019925,1630282,3812927,3928669,39654398,0,5247006.333,759270,35593595,13122868,203828,12257205,231729674.5,1473712.5,124985,59904617
1/1/12,Clark,510365310,93332543,22077802,50663009,666653632,12321737,33433748,26787864,302452104,301312,21376995,1630184,150939454,61821881,1321735,98485528,1031069138,7191111,5131089,277883787
1/1/12,Columbia,3105370,820454,182178,314938,10902206,44034,183870,137938,2094668,,306191.6667,0,2539691,830433,51593,3167460,8706585,211165,0,26441105
1/1/12,Cowlitz,130302073,19192526,1384734,7834228,155240252,3035101,6199915,2620881,61049585,42710,7219200.667,1580218,38798984,18370061,890372,33979096,319512871.5,2235785,244181,87269526
1/1/12,Douglas,32592328,5500303,627990,7093029,78904317,170183,1470531,975290,22188701,0,3263979,4809,9556314,52529145,247062,7244531,140044087,1146116,51741,57905268
1/1/12,Ferry,4630275,423284,202985,158568,23592630,18208,103858,169281,3364890,0,508735.3333,1527112,1737489,609974,5200,1441465,9997696,0,41011,7651733
1/1/12,Franklin,79003449,18233933,5036063,3915131,148147694,701271,5899325,549235,41205145,0,5764085.667,1272472,28441070,11859320,2100848,38210621,239721639,4969925,178724,145583409
1/1/12,Garfield,499791,245906,50056,0,17838812,5621,65850,11192,1255948,,159687.6667,0,583350,226311,21823,1292176,3860337.5,0,121970,7273741
1/1/12,Grant,110746661,23388920,4611507,10951787,265441028,1424697,7281628,2892452,54794220,0,11006877.33,415444,46419030,20550407,96719,42571432,299928906,2662610,7022410,351387047
1/1/12,Grays Harbor,110571427,10742681,1836739,6003529,111739437,277537,3803883,744158,39534299,0,6467631.667,3040507,10495709,9136099,72772,17031565,184562014,3217113.5,389376,63195607
1/1/12,Island,80732296,23603477,1240788,11766510,121668149,1501444,3983477,1065401,42665478,0,4743615.333,1065740,22066514,12675560,173584,11686942,145133385.5,705995.5,1017679,52083234
1/1/12,Jefferson,48985150,8982899,521369,5573904,61642370,455802,1759327,465532,17897524,0,8696969,709653,14451272,5042482,79034,4408930,62403531.5,618888.5,184220,19901495
1/1/12,King,5708212781,1047917846,33214687,522161581,7372558237,113251394,322177791,146414652,2015641828,2311770,280368590,10025256,721360600,1174533099,12964485,1195901408,8798603067,112940376.5,19071041,3234193399
1/1/12,Kitsap,325154890,62101798,2470448,29550665,410555777,4191545,18854561,19999416,156263201,330359,14211399,1414448,49994196,36611180,3719851,57295556,847920014,3329379,557838,166367269
1/1/12,Kittitas,81921300,16325957,2851276,18136270,135976439,12509493,5559572,1177470,24746708,0,4996876.667,139337,17340458,8060684,202252,27247161,121241462,2050838.5,330685,49495071
1/1/12,Klickitat,13455871,3957058,3526651,2275549,52667220,288618,1332373,255953,10974042,,3075134.333,245010,6913262,3440883,90000,6179453,28126039.5,1836788,106362,23919032
1/1/12,Lewis,96991308,30015923,3444536,12763352,106785714,1612505,2772089,500037,49296143,0,7733578.667,2273673,31764245,13111505,148709,16722096,247408630,2976450.5,1337290,70569972
1/1/12,Lincoln,5053921,1527630,412786,527171,30875182,45664,496435,444704,5893845,0,789101,233533,11404868,996756,25539,2706420,16073879.5,328555,6603,21089567
1/1/12,Mason,49787430,10755890,1106317,4969102,107587846,389430,3282255,2740085,29400385,89567,3118591.333,489459,16580408,6392842,163795,10342007,103629153.5,578031,162349,35568112
1/1/12,Okanogan,53494627,5616346,896935,4994118,67064553,2271272,2985824,400253,23767555,,3697102.333,754155,17738341,8772187,21923,9295533,122206326,1405655.5,1773435,46985222
1/1/12,Pacific,36162275,4163018,442486,2924761,43356563,195563,1375030,456431,11948673,,1517771.667,1723329,7292799,1928854,47099,3439785,32300724.5,803661,17523,12432011
1/1/12,Pend Oreille,7794857,1586641,1049092,156804,31115703,57021,1042124,157172,6854954,,1076269,451254,2701229,1788414,18521,2130836,15420269,29608.5,1328283,35132435
1/1/12,Pierce,1127769146,208543440,7311505,116803248,1485956844,16304240,81529162,27679556,520750463,328908,68702378.33,3743822,194805189.5,139298976,2329145,259186080,2901649877,23469814,5359601,630569059
1/1/12,San Juan,61378067,13295172,938676,6371451,124479666,537399,1068766,198849,11396320,20200,2330340.333,131141,10322914,5639503,12224,8409633,48690762.5,2407711.5,381034,15987500
1/1/12,Skagit,200311589,30923356,1816552,17195984,298906668,3728270,9180325,5521337,72873844,0,16122998.33,1131267,61882681,24658602,766517,41240855,599063980.5,9756531.5,595177,178124024
1/1/12,Skamania,24887478,1020142,238794,415306,33178700,33787,224680,39954,5374158,0,301113.3333,69761,1634407,1421182,57326,1330130,8895352.5,407143,9700,5137151
1/1/12,Snohomish,1082810864,190135042,3878627,85452723,1312561541,16341277,64563146,35978267,468009076,11575,53153408,3727094,306682254,138500026,3440572,182607578,2794862098,15281195.5,6608199,659957697
1/1/12,Spokane,801810167,147400539,2562571,44169289,826874224,15686443,62618923,28473045,348840210,0,49501987.67,1576042,214990064,125475217,8163748,158650465,1798891680,11840589.5,1946659,562701635
1/1/12,Stevens,27742206,3906667,849913,5807155,56172627,321547,2636415,1228487,22020955,,2033224.333,325844,15444051,3758361,88833,5509138,93472452,407611,30199,22033053
1/1/12,Thurston,289650256,69048856,2152786,27158116,457088346,7583597,17119057,8121271,176929799,0,15768557.67,1894420,98106457,86336634,3520979,50227164,823005642.5,2713525,575420,200678178
1/1/13,Adams,19561206,2675695,590567,928768,69485955,115271,1486888,185044,11184999,,2330377.333,0,11441943,2958205,14348,5826179,43390959.5,359281,565310,55141813
1/1/13,Asotin,27503760,3275630,47005,1964815,34491366,226670,952941,1098070,10000782,,1194553.333,0,4390214,2062560,30337,4118147,79932053,415750,0,15422587
1/1/13,Benton,322528751,61232382,2544919,33616497,503434114,1614008,19972256,6729597,120935161,0,20873906.33,292902,93142983,58335662,396573,63075615,813553680.5,1676422,2586903,234249969
1/1/13,Chelan,208326306,21915581,2277247,17730560,244346992,1976733,6213376,2640052,52468847,0,15046481,3478827,19780615,21448101,354613,39786559,308943504,2823577.5,469473,122699241
1/1/13,Clallam,115988405,12427776,1263768,7185669,122953047,1610867,4916259,5509976,43266789,,5635081.333,795672,38458393,10214214,512823,13776062,245316383.5,1423994,156314,59228962
1/1/13,Clark,542804505,97321501,2320504,52179545,808417306,10579760,37464991,26971308,313087311,0,23346748.67,1610811,158801810,63845454,1992267,101858649,1120332756,6346181,5679434,321376292
1/1/13,Columbia,3697326,1399598,107036,236553,39292290,52577,211979,133413,2325354,,383702.3333,0,2853579,627512,0,2927528,6470516,0,279231,9001277
1/1/13,Cowlitz,135271430,17712397,1089859,8474000,241258740,2824641,5164124,2712446,66883153,0,7534215,1668077,39309304,18017703,1031812,26863561,346059892,1601970,438404,92818058
1/1/13,Douglas,35579410,7017045,975678,7239358,142858288,282406,1647781,1051295,21714140,,6132336,36539,14413257,42875638,29654,8776256,162036972,1444854.5,42258,88600951
1/1/13,Ferry,4343050,363664,343017,156497,9152709,23959,129739,79698,3717409,,366781.3333,122624,1425618,483549,2466,970404,9782717.5,0,0,4665006
1/1/13,Franklin,82375620,18210044,2550399,4000973,172288464,767459,4607272,1391224,43415866,,6028885,122466,39357929,12182953,2927825,38808302,258748080.5,4149394.5,0,142831947
1/1/13,Garfield,522670,156694,47050,0,3653267,4411,78335,19491,1349773,,131117.6667,0,495416,455171,34944,1733066,3581713,0,0,6196700
1/1/13,Grant,119157149,24922550,6140720,12240986,396929589,1586598,10310715,2424343,60885427,,16732301.67,381515,65387423,41853127,139782,37849439,325837958,2473259.5,4865146,326041678
1/1/13,Grays Harbor,118264543,10693623,1997930,6389569,107764207,405296,5557963,576237,44128847,,6302512,2044984,22508273,8128971,712189,16822106,190937050.5,2912519.5,154072,66676027
1/1/13,Island,84836271,26201220,1161640,12191761,136311124,1547426,4290050,1102735,46937147,,5836257.667,346891,21973941,12566628,645778,11933877,154251825.5,463542,1924019,52724780
1/1/13,Jefferson,51387998,8506190,308475,5473583,75680074,549140,2106672,1675192,20223721,,8507544.333,880514,15529575,6470216,157593,7059935,65761717,559805.5,1029576,23138398
1/1/13,King,6098185200,1090045425,29293021,570550452,8477101159,117969702,357197315,150171609,2133157350,64868,289173843.7,6199464,1498669473,1265096137,20809558,1276097425,9304460620,115753822.5,21143303,3272863633
1/1/13,Kitsap,329486976,66092895,1864654,32869341,468637667,4041527,21169401,20429255,169370604,0,16223976.33,1639901,104465974,37815024,2642019,58549877,891203641,2242639,592788,164363494
1/1/13,Kittitas,86387932,11572641,2656802,17091662,131600732,12428891,6251913,724456,26710957,0,6265141.667,147157,19174469,8681415,320545,44483812,128426869,1748799.5,508424,58454149
1/1/13,Klickitat,14308677,2262615,1387299,2369723,51890329,262875,1930716,271761,13340562,,3354749,196652,7484387,4981208,88516,4847838,29480705,1488442.5,33099,30504352
1/1/13,Lewis,99804726,32371642,2652598,12517436,119150823,1589588,2569687,497825,54821458,,9975250,2461099,33024178,12666215,252817,18978490,266160414.5,2378942,1046311,80466626
1/1/13,Lincoln,4369589,1330730,299726,472274,32673651,44812,318392,106956,6632344,,850110.6667,627070,13395478,1099927,19496,2556796,16564321,273753.5,583316,17721975
1/1/13,Mason,51218714,8923322,655693,4690771,94892518,655747,3693103,2864751,33584596,0,4035277,621137,18501907,5536531,2282055,11568055,109529667,424691.5,51178,34577391
1/1/13,Okanogan,55075679,5835443,642044,5160884,98861579,948870,8619406,437340,23828387,,3683954.667,0,19047285,5809003,27626,9318849,130826803,1517503.5,2324902,44355062
1/1/13,Pacific,39524720,3694604,393204,2907804,57845044,166544,1859821,366241,13796000,,1857563.667,1839870,7566047,2240990,29082,4158431,34507654.5,737893.5,43791,14532083
1/1/13,Pend Oreille,7597465,1779010,1125453,139428,26165370,80404,1075482,253081,7437795,,982144.3333,174193,3494494,1024888,26309,4101091,16224615.5,79607,924004,44296437
1/1/13,Pierce,1193988347,235074102,4507871,119070417,1807790945,14598161,92725146,28037587,535549345,359762,77033669.67,9808883,414595434,142126912,5782874,271174082,3160618825,23793405.5,5077230,708411036
1/1/13,San Juan,66924465,14103892,206489,7043932,108035477,821252,1073211,246385,13150858,0,2019307.667,0,9634532,4607584,35423,9505249,50625009,1969124,513250,17475457
1/1/13,Skagit,208268126,30871136,3171960,16304117,304154531,3541742,10045140,5143580,78209327,0,18386311,837300,67362145,23282416,939013,46540898,632915355,10023702,640511,181264557
1/1/13,Skamania,31500352,898500,68258,790144,15163873,56554,235399,15589,6017878,,513747,20632,1317962,962496,56701,1346985,9527720.5,360032.5,0,4630185
1/1/13,Snohomish,1136027161,195390593,4993961,90274810,1560272535,15393237,70645177,34571784,496522532,0,56806785.67,1870093,326889711,140890468,4575140,202935681,3006848065,14067802.5,7040724,671514335
1/1/13,Spokane,831986925,148688349,2182297,46045699,941777729,13853189,57170223,28341777,365761360,0,51201238,771441,237584163,121742268,9400223,169162377,1915038138,11304891.5,2914335,577914348
1/1/13,Stevens,28793668,4211817,998091,4385719,52299119,290685,2685140,1457939,24476157,0,2301208.667,310722,17038770,2574939,112369,5734642,97203361,371698.5,180822,25614532
1/1/13,Thurston,307467194,66653358,1910096,27498308,449676044,6932350,18898338,6970158,188451684,0,21130042,1043504,100189514,75319601,6516842,51610106,869769436,2438024.5,616928,223857396
1/1/14,Adams,20255683,2498456,682776,1420318,63218716,148605,1726257,158760,11362139,,2966858,27849,13092735,3363657,46827,6995277,44571189.5,493358.5,688796,59156484
1/1/14,Asotin,28876696,3648085,60352,2147135,30589652,166262,1056417,1221699,11263050,0,1416143.667,0,5002034,2293963,93842,4781160,82200946.5,400157,0,16763047
1/1/14,Benton,341007571,55070584,1522840,34165997,466905211,2195029,19666465,6932949,129157457,0,20517610,55095,98066468,52406015,127277,60624459,850541518,1587713,2630216,248186508
1/1/14,Chelan,223150774,25043805,2353768,17186028,310279767,2110596,6099217,2715344,64193887,0,16805691,852927,44450106,23660235,190274,41573289,320116345,2647941.5,102961,138059503
1/1/14,Clallam,122753977,14374295,1167848,7011278,129294454,1782956,4034974,5758650,49358787,0,5687500.333,598000,39702542,11606516,693994,12183567,247944316.5,1737845,143968,57759758
1/1/14,Clark,590459195,112308049,2494116,54315799,894503508,10569514,42699597,28027553,319004770,50416,27154888,1741971,170687222,72704524,3248197,122802714,1213704429,7254946.5,4873746,330973357
1/1/14,Columbia,4395839,2490131,689313,300231,124330109,23490,119806,128615,2780357,,673285.3333,0,3501121,650872,7166,6795938,7060891,182099.5,174952,167708392
1/1/14,Cowlitz,144720163,16235790,813826,8850272,307118436,2510060,6022560,2166936,72068715,0,7337903.667,2109969,40698890,18050040,773294,31506401,360003388,2077566.5,430560,95227967
1/1/14,Douglas,38228350,8786682,776195,7289791,123314689,299399,1768921,1132538,27507155,0,6335655,147511,11812590,62773649,22842,10611312,173326797.5,1769612,208497,126784922
1/1/14,Ferry,4414202,304725,239050,176283,6452233,37536,142458,76691,3921158,,333983.6667,49177,1807002,503718,19293,791834,10029387.5,0,6141,5758109
1/1/14,Franklin,87612620,25866635,2903119,5254282,196454560,1258787,4973885,875707,44244884,0,7585706,87090,41568801,13692090,1892405,42071106,274401043,3821608,439933,145385550
1/1/14,Garfield,685622,138432,80958,398,3061273,3732,76391,13325,1816753,,218333.3333,0,782754,290873,13113,2523815,3370940,0,0,8506341
1/1/14,Grant,123855961,28694173,5830871,13083809,452555590,2140348,16907600,2437017,70884335,0,12711478,982974,59586772,27563167,89796,45868876,319579915,2681897,7456538,277568490
1/1/14,Grays Harbor,127581979,12039106,1780623,8660232,144849929,492532,4703648,537803,48214908,0,6625477.667,2081187,22703476,8534168,1248876,17807193,200632493.5,2849973.5,98511,67736104
1/1/14,Island,90299109,26847673,1140137,12356383,148838241,1857949,4587340,1153228,50508578,0,6512596.667,277847,23304446,14451199,144640,12803533,162887096,523531.5,1813777,53001967
1/1/14,Jefferson,54017305,8074897,757051,4515272,71165585,397119,2068119,1957013,23713364,,3771209.667,721416,16159950,16732928,1299712,7335574,67500684.5,679239,17796,25600008
1/1/14,King,6611651767,1173973350,29181404,601270648,9568066646,125852816,380685286,167266179,2350086573,125407,316864325,6529737,779672692.5,1461781215,16541141,1429468192,9772236525,122518605.5,20611569,3394051898
1/1/14,Kitsap,351664640,67839609,1833646,34830783,501663920,4407288,21518104,21880947,186362141,16460,17299017,1299574,110039928,43754841,2154349,62219453,940040527,2283854.5,653899,153290625
1/1/14,Kittitas,119751775,12266388,3067955,14675701,158984954,12113874,5113910,689084,28538962,0,7501797,116932,18155254,8582722,391527,16965434,137227845,1948669.5,603612,58242561
1/1/14,Klickitat,14976385,2776246,1456177,2633674,78978056,181137,1867177,300053,14155477,,3328871.667,215437,9166503,5302679,102739,6652304,28938952.5,1645497,37632,39081607
1/1/14,Lewis,107719075,39084363,2499605,12636366,146636709,1742261,2554786,566992,59279601,0,9915145,2556926,33494511,13207375,155319,22176626,280435242.5,2527061.5,1683250,83558273
1/1/14,Lincoln,4608442,1638105,378706,725283,27207235,83806,650208,134635,7270994,,560196.3333,225214,9177577,1678082,14378,2764793,17503600,330209,102796,19151159
1/1/14,Mason,54820882,8958378,938137,5092480,116967387,810592,4130757,3023227,37821345,0,3686771.333,1103855,19446781,5311471,3298615,13085657,113047314.5,426155,134693,36495074
1/1/14,Okanogan,56544948,6700425,1009807,5457952,116107988,623444,12352794,392657,25913858,,3350965.333,0,19409857,6599348,135578,10223603,141021777,1471026,2754319,45299448
1/1/14,Pacific,43399082,3767551,583989,3422922,52497303,191910,1773318,308251,15266549,0,1512281.333,2496907,7702356,2605549,24224,5459671,35529268,1698070,0,14756213
1/1/14,Pend Oreille,7954844,1753970,1048049,160369,33290696,74693,878791,132898,7628552,,900042,791944,2603550,1347468,217658,4636539,19593014.5,2403.5,92758,38090189
1/1/14,Pierce,1276851797,268545753,3702333,118246840,1837360739,16380009,96620956,27886861,629053068,342929,76579225.67,2311705,215132915,154736514,3474700,290054188,3289737902,30568881,5112122,704030339
1/1/14,San Juan,73025555,16325593,448149,6607993,130396010,990934,1066947,278845,16625043,0,3259341.667,193616,8138043,4707865,60439,11597437,55075016.5,2420649,565866,19079140
1/1/14,Skagit,220637169,35912142,4183065,17395154,269067323,3662380,10473685,4794713,86502218,0,21544901.33,692917,73162462,25238317,743179,46300556,658163025.5,10348579.5,856238,170227108
1/1/14,Skamania,33041412,846432,70918,926191,16129468,106759,192865,14729,7113033,0,496678,647771,1466355,1291205,64876,1283073,10326286,343848,0,4900996
1/1/14,Snohomish,1222416372,192287419,4210918,93438001,1484616195,15024627,72262737,37075833,527587987,0,61124071,3842736,173464536.5,162354046,4505438,209927774,3195062901,15318869.5,7243024,710135052
1/1/14,Spokane,884293656,158470845,3509123,49230256,1090757204,12953615,57535318,29655587,393272425,0,62443868.33,879298,246644545,122523741,7712175,192408818,2001754319,10683877,2578320,610143574
1/1/14,Stevens,30044950,4272880,716293,4181801,63493819,325951,2709209,1467608,27565037,0,2339618,41205,18066173,2735266,81140,5937823,100938722.5,373583,251882,27797956
1/1/14,Thurston,325576452,68140576,2069730,28558335,499367572,7566925,20180584,6514355,206757851,1231,18662912.33,761519,104663976,78529158,8315748,53142108,903015704,3149551.5,602223,212384824
1/1/15,Adams,21430423,3601210,803178,1352624,56286935,193479,1690581,155413,10598036,0,2131610,41478,12533780,4661629,104621,7211395,46716174,594351,46221,50275954
1/1/15,Asotin,30472437,3855413,57956,2213533,29442856,303075,1120020,1539520,11614045,0,1400504,0,5215557,2601695,34951,4304976,85205302,474058,0,17348675
1/1/15,Benton,374357934,60479683,1922348,36191091,577734371,2157827,24953007,7986814,141385779,0,19924188.67,160032,96567433,52431702,405903,72965033,918348599,1946161.5,2897111,259717745
1/1/15,Chelan,241084895,25820742,2672922,17126265,393877679,2137574,11708865,3213180,73242413,0,17989121,721353,44295748,28760814,214583,47034527,341933557.5,2662638,1603621,145992905
1/1/15,Clallam,133152805,15771111,1237059,7537239,186176148,1811478,5095806,3955914,51941016,0,6251102,620486,39545284,14359339,878188,13993737,264451165,2135381,92049,59620854
1/1/15,Clark,658842741,126801034,2845925,60783373,1137118129,11480614,53012709,31038809,350325456,118193,28267627.33,2062980,180049943,89041989,1438977,128523589,1348010831,8330977.5,6072275,370185027
1/1/15,Columbia,4109113,2666263,287521,296151,20446364,30569,167610,91626,2747966,,520192.6667,0,3407746,740014,3433,3232316,6457594.5,138025.5,521133,14495418
1/1/15,Cowlitz,156186985,16445312,807304,9641408,201131477,3787728,8575489,2248490,72657656,42596,8896378,2778188,42148805,17035769,902828,31322602,393642562,2435801,328811,96102742
1/1/15,Douglas,40638140,9689641,750470,6445060,103439009,298555,1867164,1254009,30049651,0,3955168,43896,11841450,52915899,196970,14245488,199820322.5,1128780,668291,109148393
1/1/15,Ferry,4693769,237495,201672,164804,8579409,31966,119900,79840,4366018,,373519.6667,0,1917418,857462,734,988635,9875609,0,0,4451739
1/1/15,Franklin,95880774,27440661,2583633,6515252,219703768,853479,5569808,951703,46598264,0,7800020.667,952572,42293109,13934046,3519479,42368048,305789946,3828397.5,82312,163340840
1/1/15,Garfield,687254,135485,63400,5400,2996417,11185,240615,20075,1723002,,189691.3333,0,832818,293602,16261,3661058,2945540.5,0,0,10023554
1/1/15,Grant,130310714,29268753,6119399,13480989,371779646,1679636,9259978,2673637,73575102,0,13770360,1018508,59797789,59226613,398633,49358013,330251516,3428861,6148155,242775044
1/1/15,Grays Harbor,138345617,14597324,1728930,9175481,139310932,442682,5187635,787933,50894839,0,7000015,1915624,22318558,11315204,1691601,18588631,208896940,3138524,49675,68621093
1/1/15,Island,100849299,35024864,1337250,12550052,180318432,2407828,5516531,1179144,54313590,0,6761195.333,169742,24469113,16479553,211116,16502651,173039016.5,539886,1573414,55380067
1/1/15,Jefferson,58276716,9698757,861093,4810206,96331100,471163,2493292,1430336,23720256,0,4443506,540716,17162621,12156087,3837493,8372275,72952453,1324146.5,12591,25518432
1/1/15,King,7257926201,1299344824,16042009,635857011,11752052754,131593360,427527803,184385032,2774732215,1078063,337547362.3,6195604,795855374.5,1601940902,18140667,1656080313,10260323814,136045015,21802670,3707391000
1/1/15,Kitsap,391714430,73746378,1932882,37716385,570368004,4561091,25047271,22587059,205599985,12904,17964875.67,734277,116496301,48744708,2769768,68448798,1017157128,3109432.5,756859,174963316
1/1/15,Kittitas,136183011,12064184,2871519,10114146,213890195,13340690,5625536,952106,30046272,0,5512360,165509,19415786,10747868,188688,16161596,152284238.5,1580543.5,297482,54858133
1/1/15,Klickitat,16383273,2676634,1619260,2549408,87412034,237248,2501216,350530,14083414,0,3788377.333,438204,6749128,6033626,48411,8080428,30287186.5,1809736.5,45477,37908910
1/1/15,Lewis,116580707,38691604,2626897,11210959,157584017,1940955,3084644,636266,58664308,0,11852262.67,3140975,35514308,14421066,173255,22300860,293104382,2667937.5,1981885,85878084
1/1/15,Lincoln,5150651,1413666,411583,707084,31844742,114532,443036,291708,7536243,0,517881.6667,152506,6382722,1527936,83444,3856369,17046586,338093,7641,16818197
1/1/15,Mason,48448698,10684486,1003270,4941839,139708551,817849,4888085,573749,40094257,0,4277504,759929,19780101,7151123,4087977,14401720,126429967.5,478692.5,160082,37268795
1/1/15,Okanogan,59522874,7742785,621460,6901947,100734607,478575,3607887,661532,26224816,0,3937568.667,57346,20942403,6072825,32357,12057192,145013399.5,1576621,2895096,44276484
1/1/15,Pacific,47283516,4184042,2402998,3790454,41657120,245710,2314182,295332,15100192,,1836167.333,5308771,8334219,3107880,41750,5629147,37417232.5,864991.5,0,16263619
1/1/15,Pend Oreille,8349634,1806683,719375,136352,34241166,101022,1049799,129205,7302645,0,1241283.667,3316401,2162092,1061397,188146,3549379,16090061,139590.5,28003,26743870
1/1/15,Pierce,1415354581,262263295,3467371,128219538,2088340415,15672269,116729996,28432226,689388704,529303,74002499.33,2188628,241038972,170610851,2838300,344388173,3529148581,32856302.5,4386223,743383849
1/1/15,San Juan,77897707,16662565,538169,7385892,134890874,1279762,1355385,325412,17412851,0,3064810.333,389868,8456344,5203459,232466,14222251,60245191.5,2601715.5,550319,21031009
1/1/15,Skagit,235655179,37308650,2456668,17903174,314174997,3784566,11335672,4971916,101176023,0,24490183.33,1046695,79913175,29423615,872859,55692564,690393424.5,10231047.5,592549,168748914
1/1/15,Skamania,35770270,1064337,218343,1123985,19160123,153364,166596,16320,7808628,0,821531,80309,1689167,1773281,98755,2131910,11835288,581560.5,0,5474906
1/1/15,Snohomish,1300620418,210239082,4483388,98424492,1751640700,15954214,89471499,41755645,638537172,28096,66275054.33,5285357,185994768.5,190027099,5495290,243838962,3338261934,18015227,7584103,754213291
1/1/15,Spokane,957168982,165044782,4304749,57992733,1106275072,9460265,65855081,31783768,424026077,27678,58625516,741676,131089895,125845369,9187585,197369183,2134762961,12248223,5333695,619550981
1/1/15,Stevens,32507561,4219335,1280885,3566848,55377110,378705,3056445,1644894,27135311,0,3544718,3617,21333836,3155556,64704,7204254,104279113.5,397211,285846,27314236
1/1/15,Thurston,357470215,76462244,2428321,30294091,568255182,9594000,23495831,6543642,231916628,27769,20329833.33,614354,110822517,96008011,10426758,62107596,955826813,2991761.5,775080,220552942
1/1/16,Adams,22172194,3960475,532904,1071458,64212604,195128,2266917,166414,10813291,0,3212292.667,101745,12993949,3844288,60031,8045875,48047094.5,673396.5,1070030,46957816
1/1/16,Asotin,31333835,4089431,76866,2939073,35280001,478125,1380722,1566884,11242455,0,1708252.667,0,4959320,2681333,33425,4813096,89378293.5,392803.5,130036,16670577
1/1/16,Benton,400526414,66400233,1703438,38582219,609382163,3264567,29154951,11659026,145410468,3384,20931941.67,999406,99256669,70722991,260967,68808649,957539391,2330566,2564777,258298462
1/1/16,Chelan,265683092,40991674,2305480,20927800,506169022,2187134,5738725,2969060,72141826,0,16950300.33,766175,48155689,31533232,290194,54929826,371183669.5,3340431,660537,162401074
1/1/16,Clallam,144342043,20588664,1421601,5853536,200928178,2395013,6381273,3928473,52170622,0,7472217.333,648013,40654643,17047519,784134,14567404,282523366,1759004.5,198693,66114766
1/1/16,Clark,712424436,143859599,3360258,65914379,1257283527,14270919,65924352,28186541,345937149,135271,30468822,2426960,190522391,106385877,1350256,143585492,1455118239,8916027,8496450,397147708
1/1/16,Columbia,4325505,2871404,193359,284094,17279771,16338,431551,143408,2620493,,458691,0,3594208,1080167,110428,3365892,6288252.5,93207.5,45360,9929742
1/1/16,Cowlitz,165748870,19615956,1259340,10853868,238423428,2403734,9709678,2182228,73154651,5630,10156809,2911050,46646537,20077670,975145,35913216,412919461,2469730,650664,93086624
1/1/16,Douglas,44449967,11009593,279938,6067009,120473146,281510,2014718,1390519,28192579,0,6725716,45836,12599336,83149483,53656,21764458,215229323.5,1176908,585522,72509641
1/1/16,Ferry,5043533,220148,207681,187235,10114620,37890,179359,62640,4318526,,387454.6667,0,1707696,624643,7412,947907,10382567.5,0,0,4844384
1/1/16,Franklin,100499542,27846032,2872275,7359714,229490941,2011660,9993354,1054311,44985495,0,9967324.667,157593,21287092.5,13259318,2501522,39490527,346182678,4140318,571827,171393151
1/1/16,Garfield,491372,310286,43791,663,3953587,8061,191183,20601,1606933,,172301.3333,0,1233857,362906,13742,2398459,3299120.5,0,109887,11185330
1/1/16,Grant,139179326,37015844,4852858,15696926,332784334,1874095,21330345,2764478,74825669,0,15444165.33,1126932,61044357,56303261,133500,52681523,324032666,3421497.5,6274955,263045323
1/1/16,Grays Harbor,147199374,15511445,1762236,8543879,143776271,539981,6406439,1270061,50325202,0,6683696.333,1952199,23526113,14547667,1785802,20217055,221775279,2928075,87406,73533993
1/1/16,Island,106440828,38168296,1440986,12513779,242116876,1740581,7230513,1174278,53443045,0,8044664.667,233563,26914024,20717172,227620,18505439,189267657,860375,1390830,60028651
1/1/16,Jefferson,61521748,12051592,1026510,5236565,124557370,603550,3316606,1338135,22582742,0,3918561,579470,19335552,11758759,4285817,10336175,77748252,1769232,7417,28562014
1/1/16,King,7777095283,1566359257,18012576,696215500,13581911993,157023652,526810527,206073945,2737538723,820459,363233544.7,7417534,832895307.5,2019344007,18515786,1776619597,10742684133,133370648.5,20210306,3911571681
1/1/16,Kitsap,416264419,78053365,3180793,38919891,660587990,5477299,30329808,22299687,197583397,0,19067165.67,1263731,62143863,60345778,2175527,74023397,1094666448,3157854.5,818515,188113838
1/1/16,Kittitas,151775274,13724436,3655510,20857932,262591677,12794046,6018367,1013399,34074646,0,6452592.667,319496,10396343,14180920,266421,18434848,166009662.5,1844964,709672,60726058
1/1/16,Klickitat,15591064,3946659,1413953,3058934,67946761,330855,2408261,449257,14447978,0,4223341.333,547209,9750173,13653359,154989,8943360,35240092,1948417,48314,33846935
1/1/16,Lewis,124836775,39712619,2710808,15856081,184376934,1968933,3764502,972282,59932325,0,12980637.67,4275013,38413785,17886436,128914,23192937,315524369.5,3443947,2027212,91317217
1/1/16,Lincoln,5520981,1295756,517054,642200,26608277,78394,516577,220164,7330225,0,599000.6667,77203,8034351,1512897,39659,4246810,17507498,386473.5,0,13110342
1/1/16,Mason,50982398,12120142,1295841,4718828,149672258,1113224,5489004,856912,39853638,3780,3696584,1314573,21392988,8305956,4266660,16307405,133965025.5,666932,175904,42214187
1/1/16,Okanogan,64673073,8672303,1495100,7872787,101054917,649553,4159660,468534,25463955,0,3626636.667,0,24029885,7664738,121519,10724396,150628935.5,1721064,2060965,43520749
1/1/16,Pacific,49008241,5152173,1451938,3861902,40925129,228917,2214324,317630,14773355,,1483003,3373723,7854894,3768899,53251,6119730,38296067.5,550136.5,35017,16473389
1/1/16,Pend Oreille,8252861,2327651,399557,133670,45693389,76462,1248443,167285,6995408,,1285773,2439716,2298635,1602708,18860,3100727,17502776,56146,7286,18749757
1/1/16,Pierce,1513114769,271270564,3883281,137848406,2336040662,18416098,135001463,28354608,690399077,541242,76954423.67,4626678,239564943.5,203161644,6855880,374868972,3787655297,34678792.5,4399674,794451881
1/1/16,San Juan,81413894,20816722,449817,7723455,160664513,1247670,1518773,310524,17336495,0,3009631,0,8959351,7257272,90343,14979138,60890231.5,2347283.5,542745,20869907
1/1/16,Skagit,248619891,48687106,3253352,17720736,365084776,3873922,13077216,5597776,99784903,0,26954475.67,1146517,40220044,36141926,604366,47814074,739536229,10576435.5,733413,169226792
1/1/16,Skamania,37456072,2277988,204207,1304754,23243063,120149,436878,14368,6905263,0,1146559.333,17508,1838393,1585196,79286,2674858,13031751.5,510485.5,19947,5396165
1/1/16,Snohomish,1372405063,237595946,5017397,104474536,2032297571,20942690,118602143,43570355,635840362,60062,68289507.67,3245731,192701002.5,218777822,5987120,247365867,3589636067,18200856.5,8836917,756049488
1/1/16,Spokane,1015774036,187747889,4457067,63049190,1268637268,12198748,78361798,32490824,410567075,35398,58809319.67,961687,138122021.5,145297596,9034260,217547644,2266817329,12633477.5,4015617,646085475
1/1/16,Stevens,33744653,5067695,1126234,4505645,72575927,535520,3295016,1692220,27106647,0,3538677,90728,10980913.5,14121492,100500,7823563,108750306,384823,61051,29529267
1/1/16,Thurston,383278944,81902963,2378582,32318762,663392790,9316248,27232423,6737112,229531199,14956,22039937,636719,112895617,111463312,8774923,68814248,1001554018,3404541,753029,235834866
1/1/17,Adams,24278248,5060791,746773,1162840,57789791,282828,3329303,176572,10681850,0,2900611.667,99967,13426558,4592577,28368,9760720,51563913.5,795819.5,285318,48210062
1/1/17,Asotin,31709208,4130029,187856,3077845,31476379,376226,1697976,847189,11671998,0,1734817.333,0,5311628,3833438,163974,4701650,94396293,445594,120272,18617754
1/1/17,Benton,428416637,75758154,2031751,40996851,574971347,3544285,32566865,15028938,138574064,0,21542935,501669,55087451.5,78485858,589768,69585794,991536019.5,2767095.5,2813996,278314224
1/1/17,Chelan,281752524,48402057,1444929,21995119,443302342,1586934,5965421,3636489,74120824,0,18164380.33,377091,49617735,39810223,322338,58584176,382810615.5,4324335.5,1136341,164015843
1/1/17,Clallam,154122124,25804926,2010864,5971780,188191178,2596007,6496862,3779080,51317255,0,7927528,539434,41528737,17136095,805061,16173706,304067146.5,1891247,111403,66661371
1/1/17,Clark,754787450,168137237,3197181,70815911,1537018758,14484930,72927694,30368394,351116670,69044,37603872.33,4443288,104179901,118119248,1488825,153127038,1576385849,9177401,7517340,418034210
1/1/17,Columbia,4391610,2631541,266010,270962,18032608,27921,191440,139473,2730101,,613465,0,3453473,913869,100655,4041130,7638605,297139,0,12835466
1/1/17,Cowlitz,175929005,21310383,817080,10760337,266444009,2508522,11197497,2430838,74350375,0,11510062.33,2492154,25294316,21656560,1102434,37893820,446542535.5,2916246,505500,111990917
1/1/17,Douglas,47630009,11809693,278541,6305282,173201116,281366,2122842,1434369,26163227,0,8008380,16895,12135084,53512210,223955,48066395,212240538.5,1335924.5,516587,87021618
1/1/17,Ferry,5039523,299784,78066,192318,7039385,40412,174406,32311,4562441,,471287,0,1462830,618016,10994,920725,11447807,4472.5,0,5418339
1/1/17,Franklin,113016587,31584680,2985175,7827547,251474571,852465,8978383,1018994,45575810,0,8848729.667,185204,46869453,15681660,3428038,45069400,379817686,5535259,174830,162493205
1/1/17,Garfield,517567,205150,49350,6956,3024112,19149,228821,6711,1787343,,183664.3333,0,1253368,467812,13986,1788476,3645064.5,46153,106847,14930135
1/1/17,Grant,147625690,36630959,4432101,15073294,352913983,1832180,13939768,2963539,79647194,14430,13948336.67,2301756,65790129,62368760,565771,57721239,355299836,3714578,5796141,266855132
1/1/17,Grays Harbor,160945578,16801059,1786886,8935410,158852834,486363,6585888,1007814,50756655,0,8774747,2372187,24513267,13825280,1488324,20958433,233090142,2734806.5,64580,76688955
1/1/17,Island,115187982,41412645,1291455,12969875,311547087,1746761,7534888,1183601,54093050,6614,10044775,450982,26503872,23887488,225139,18176768,206255140.5,704844,1381062,67419707
1/1/17,Jefferson,64149582,13446322,1058438,5328019,120079095,335053,3102735,1395916,21958336,0,4452510.667,848029,17839758,9490921,5171701,9409159,83723006,1433717.5,30414,30970128
1/1/17,King,8285976971,1761982817,15829649,731657723,14685930960,165435909,543632796,215406222,2877267785,2078092,372762479.3,7750355,858071688.5,2133038842,15197666,1845690803,11237030655,146906470,22571272,3998036772
1/1/17,Kitsap,442066913,88971374,3566109,40817306,754538355,6071029,30977161,22718590,199593998,30100,19008715.33,1724985,64889574.5,66547783,2091750,69417786,1158984850,3479816.5,863470,198424755
1/1/17,Kittitas,158441087,15556274,3649920,23096683,306670304,12382835,7252256,1294173,28172883,3652,7920227.667,483676,11598525,14690679,208869,28909022,177269748,2897546,890986,64642160
1/1/17,Klickitat,17138240,4702573,1569335,3000009,77882703,220488,2623841,524095,15933408,0,5084594,940474,8256412,14722463,126186,8493359,39158889,2419476,69571,35236951
1/1/17,Lewis,133502991,45610455,3582058,16534969,209725978,1484606,4610028,1381148,58138088,2278,12846976.33,8842475,40138254,19694765,259460,24777471,333379692.5,4217148.5,2085432,100292968
1/1/17,Lincoln,5981062,1981531,375159,743807,45084382,127332,629126,192891,7185644,0,792489.6667,0,6106882,1827020,18475,4762853,19967072.5,279443,11645,13763804
1/1/17,Mason,52918485,14252812,1518290,4578330,139392902,1343899,6477097,999922,38674221,3195,3782065.667,1267686,22135143,9570504,4501730,16477229,147401923.5,550443.5,297231,44695990
1/1/17,Okanogan,65171650,8916348,1253487,9675231,109798667,502659,2595189,445713,25220020,0,4737064.333,0,20888473,7705490,334406,10091877,156248321.5,1952704.5,2472030,43028353
1/1/17,Pacific,50631628,5393940,504702,4313825,53186409,366067,2350046,633891,14888380,0,1723289,2171895,7819302,4546763,48165,6614062,42311556,486068,65944,18644435
1/1/17,Pend Oreille,9608459,2396885,595613,126581,38321377,72821,1159544,265428,7277508,0,1470207.667,9152042,3638149,1824997,8128,3768284,18582184.5,294757,138499,20743866
1/1/17,Pierce,1614048646,298971656,3958565,142063760,2792001538,18329389,141668459,30210346,715405115,231255,83355510,4930547,251969046.5,221825818,7629955,388775147,4006859263,38352686.5,5118380,850878169
1/1/17,San Juan,86574795,22823122,522485,7579804,172557974,1161468,1844116,343462,17310679,0,3579691.667,119866,10086355,7245162,114154,18831111,67318512,2659717.5,1381029,24385491
1/1/17,Skagit,264671272,53489153,3124868,18861201,400571194,3693737,13451595,5943712,102706169,0,27933662.67,1386053,43071679.5,37661843,739662,53353787,795853450,11379857.5,909068,184804650
1/1/17,Skamania,34671603,2931837,385417,1350645,39228125,340609,366496,22871,6894722,0,1435141,140059,1728308,1730236,69821,2601145,14866036,816927,22484,5909044
1/1/17,Snohomish,1438256992,287908012,5003698,112037807,2287429205,22436983,136411525,45113962,636765398,183884,88384047.67,4033992,200565724.5,243745243,6008288,246924967,3770952853,20450594.5,8371532,779880876
1/1/17,Spokane,1081143865,196190662,4909652,65344984,1555003744,12297359,86545845,32489381,421179964,212561,67060673,1366385,146666138.5,153617029,9081378,241562440,2369100715,16708973.5,4467656,681013903
1/1/17,Stevens,34860227,6842053,881919,5230722,99689060,593122,3440325,1776817,26285694,1615,3691648.667,142953,24386533,10236820,97647,8226225,114926482.5,368883.5,260824,31035890
1/1/17,Thurston,414260268,98280292,2656916,33237939,720973472,9532590,30109583,7101522,228433197,72744,21253163.67,800268,57911868.5,106909536,11787029,69796971,1059751774,3314496.5,1054000,242840675